transaction_id,user_id,product_id,amount,date,sale_day,sale_month,sale_year,is_wallet_payment,is_wallet_payment_le,pay_Cash,pay_Credit Card,pay_Debit Card,pay_Net Banking,pay_UPI,pay_Wallet,amount_log,amount_sqrt,amount_standard_scaled,amount_minmax_scaled,category,name,age,city,registration_date,reg_day,reg_month,reg_year,gender_Female,gender_Male,gender_Other,purchase_frequency,avg_monthly_spend,spending_group,spending_group_encoded,days_since_last_purchase,spend_beauty,spend_books,spend_clothing,spend_electronics,spend_grocery,spend_home,spend_sports,spend_toys
T000001,U0024,P015,67.67,2023-02-12,12,2,2023,1,1,False,False,False,False,False,True,4.229312422632585,8.226177727231525,0.017184141888662473,0.25971420182049526,Books,Aarohi Kapoor,20.0,Patna,2023-03-15,15,3,2023,True,False,False,11,96.98142857142857,High,2.0,90,112.61,313.02,89.07000000000001,62.27,55.78,46.12,0.0,0.0
T000002,U0196,P044,76.44,2023-03-24,24,3,2023,0,0,False,False,False,False,True,False,4.349503442968322,8.742997197757758,0.2286790467591593,0.30263286679064305,Beauty,Kabir Kulkarni,35.0,Patna,2024-08-01,1,8,2024,False,False,True,7,103.83,High,2.0,72,94.92999999999999,196.74,0.0,0.0,226.74,104.57,0.0,0.0
T000003,U0196,P049,104.57,2025-08-21,21,8,2025,0,0,False,False,True,False,False,False,4.659374240001603,10.225947388873072,0.9070543801693164,0.44029558578839184,Home,Kabir Kulkarni,35.0,Patna,2024-08-01,1,8,2024,False,False,True,7,103.83,High,2.0,72,94.92999999999999,196.74,0.0,0.0,226.74,104.57,0.0,0.0
T000004,U0133,P042,102.75,2024-07-23,23,7,2024,0,0,False,False,False,True,False,False,4.641984159110808,10.136567466356647,0.8631637613706501,0.4313888617010864,Home,Diya Singh,23.0,Indore,2023-07-06,6,7,2023,True,False,False,5,112.7875,High,2.0,370,215.07,0.0,0.0,77.16,0.0,158.92000000000002,0.0,0.0
T000005,U0047,P038,23.89,2025-10-04,4,10,2025,0,0,False,False,False,True,False,False,3.2144661163795005,4.887739763939975,-1.0386022817407965,0.045463443280806495,Home,Anaya Gupta,28.0,Kolkata,2022-10-13,13,10,2022,False,False,True,4,54.31666666666666,Low,0.0,28,0.0,52.54,0.0,0.0,86.52000000000001,23.89,0.0,0.0
T000006,U0024,P031,31.1,2025-04-16,16,4,2025,0,0,False,False,False,False,True,False,3.4688560301359703,5.576737397439475,-0.8647279072691565,0.08074777331897819,Grocery,Aarohi Kapoor,20.0,Patna,2023-03-15,15,3,2023,True,False,False,11,96.98142857142857,High,2.0,90,112.61,313.02,89.07000000000001,62.27,55.78,46.12,0.0,0.0
T000007,U0086,P021,74.37,2023-08-03,3,8,2023,1,1,False,False,False,False,False,True,4.322409317855379,8.623804264940155,0.1787594968068301,0.29250269159244396,Books,Aarohi Reddy,27.0,Ahmedabad,2022-02-12,12,2,2022,True,False,False,4,116.38,Medium,1.0,24,0.0,74.37,41.2,0.0,125.12,108.45,0.0,0.0
T000008,U0042,P022,74.31,2025-10-11,11,10,2025,0,0,False,False,False,True,False,False,4.32161292811326,8.620324819866129,0.1773125533299509,0.2922090633258295,Electronics,Muhammad Singh,33.0,Kanpur,2023-03-25,25,3,2023,True,False,False,3,74.385,Low,0.0,21,0.0,0.0,74.46000000000001,74.31,0.0,0.0,0.0,0.0
T000009,U0074,P043,74.37,2023-03-17,17,3,2023,0,0,False,False,False,True,False,False,4.322409317855379,8.623804264940155,0.1787594968068301,0.29250269159244396,Home,Diya Gupta,44.0,Kanpur,2022-10-19,19,10,2022,False,True,False,6,60.69333333333333,Medium,1.0,258,0.0,133.3,0.0,0.0,79.6,74.37,76.89,0.0
T000010,U0117,P006,218.94,2024-05-31,31,5,2024,0,0,False,False,False,False,True,False,5.393354781882788,14.796621235944373,3.6651698043470513,1.0,Clothing,Aadhya Joshi,31.0,Kolkata,2022-06-01,1,6,2022,True,False,False,13,143.5614285714286,High,2.0,56,0.0,165.31,458.83,102.63,127.18,43.33,20.75,86.9
T000011,U0083,P008,76.9,2023-01-03,3,1,2023,0,0,False,False,False,True,False,False,4.355425952876702,8.769264507357502,0.23977228008189935,0.3048840168346873,Books,Arjun Khan,43.0,Thane,2023-07-19,19,7,2023,False,True,False,8,59.12375,High,2.0,9,0.0,103.51,71.42,0.0,99.24000000000001,140.98,0.0,57.84
T000012,U0169,P035,107.91,2025-04-26,26,4,2025,0,0,False,False,False,True,False,False,4.690521853087595,10.38797381590847,0.9876009003822537,0.4566408926299305,Sports,Diya Mukherjee,30.0,Vadodara,2022-12-05,5,12,2022,False,False,True,4,71.0775,Medium,1.0,169,0.0,23.46,0.0,0.0,52.59,0.0,208.26,0.0
T000013,U0014,P013,96.78,2025-01-10,10,1,2025,0,0,True,False,False,False,False,False,4.5827200571505,9.837682653958705,0.7191928854211784,0.40217284917294704,Beauty,Sai Singh,18.0,Kolkata,2024-06-06,6,6,2024,False,True,False,5,114.965,High,2.0,275,227.37,0.0,0.0,52.85,0.0,138.48,41.16,0.0
T000014,U0160,P049,80.71,2025-06-24,24,6,2025,0,0,False,False,False,True,False,False,4.403176393396616,8.983874442577656,0.3316531908637227,0.32352941176470584,Home,Myra Chopra,37.0,Nagpur,2022-12-11,11,12,2022,False,False,True,3,101.74499999999999,Low,0.0,130,31.73,0.0,0.0,0.0,91.05,80.71,0.0,0.0
T000015,U0195,P004,45.19,2024-06-30,30,6,2024,0,0,False,False,True,False,False,False,3.832763324442514,6.722350779303324,-0.5249373474487117,0.14970147792894195,Toys,Ishaan Reddy,33.0,Delhi,2022-06-19,19,6,2022,False,True,False,5,118.4225,High,2.0,276,0.0,108.28,0.0,0.0,0.0,130.41,0.0,235.0
T000016,U0141,P009,86.09,2025-06-16,16,6,2025,0,0,False,False,False,False,True,False,4.466942066704648,9.278469701410897,0.46139578929055003,0.34985807967113636,Clothing,Anaya Nair,33.0,Jaipur,2024-02-10,10,2,2024,True,False,False,9,82.38166666666667,High,2.0,47,78.86,14.6,186.62,168.29999999999998,22.9,23.01,0.0,0.0
T000017,U0179,P032,34.34,2023-03-01,1,3,2023,0,0,False,True,False,False,False,False,3.5650154668915506,5.860034129593445,-0.7865929595176844,0.09660369971615936,Books,Kabir Joshi,29.0,Thane,2022-12-15,15,12,2022,True,False,False,5,79.44500000000001,Medium,1.0,617,95.72,107.57000000000001,0.0,0.0,114.49000000000001,0.0,0.0,0.0
T000018,U0162,P039,47.37,2023-11-21,21,11,2023,0,0,False,False,True,False,False,False,3.878879786834892,6.882586723027905,-0.47236506778877063,0.1603699716159342,Grocery,Muhammad Mehta,38.0,Lucknow,2022-10-14,14,10,2022,True,False,False,6,76.75,Medium,1.0,252,0.0,15.74,134.48,0.0,47.37,24.73,84.68,0.0
T000019,U0080,P036,40.8,2025-04-15,15,4,2025,0,0,False,True,False,False,False,False,3.7328963395307104,6.387487769068525,-0.6308053785070334,0.12821767642165016,Sports,Ishaan Amin,18.0,Jaipur,2024-07-16,16,7,2024,True,False,False,7,62.01285714285715,High,2.0,200,0.0,0.0,59.05,101.83,138.17,43.27,91.77,0.0
T000020,U0024,P015,57.35,2025-08-03,3,8,2025,0,0,False,True,False,False,False,False,4.066459358732565,7.572978278062073,-0.23169013613454487,0.20921013996280707,Books,Aarohi Kapoor,20.0,Patna,2023-03-15,15,3,2023,True,False,False,11,96.98142857142857,High,2.0,90,112.61,313.02,89.07000000000001,62.27,55.78,46.12,0.0,0.0
T000021,U0031,P042,218.94,2025-10-17,17,10,2025,0,0,False,False,True,False,False,False,5.393354781882788,14.796621235944373,3.6651698043470513,1.0,Home,Aarohi Khan,27.0,Lucknow,2022-04-25,25,4,2022,False,False,True,4,131.71333333333334,High,2.0,15,0.0,0.0,0.0,0.0,64.81,330.33000000000004,0.0,0.0
T000022,U0184,P019,17.81,2024-07-13,13,7,2024,0,0,True,False,False,False,False,False,2.934388643312939,4.220189569201838,-1.1852258873978798,0.01570911226387392,Home,Kiara Kulkarni,35.0,Ghaziabad,2022-08-20,20,8,2022,False,False,True,6,143.685,High,2.0,109,0.0,0.0,23.72,0.0,0.0,228.73,322.28999999999996,0.0
T000023,U0107,P031,82.41,2024-05-14,14,5,2024,0,0,False,False,False,True,False,False,4.42376820625352,9.077995373429092,0.37264992270863095,0.3318488793187824,Grocery,Kiara Bose,47.0,Pune,2023-09-23,23,9,2023,False,False,True,7,60.336,Medium,1.0,33,0.0,0.0,29.26,23.47,150.88,75.91,22.16,0.0
T000024,U0117,P036,20.75,2025-02-24,24,2,2025,0,0,False,False,True,False,False,False,3.079613757534693,4.55521678957215,-1.1143256570308033,0.030096897327982777,Sports,Aadhya Joshi,31.0,Kolkata,2022-06-01,1,6,2022,True,False,False,13,143.5614285714286,High,2.0,56,0.0,165.31,458.83,102.63,127.18,43.33,20.75,86.9
T000025,U0049,P039,41.13,2023-10-07,7,10,2023,0,0,True,False,False,False,False,False,3.7407600759909254,6.413267497929585,-0.6228471893841983,0.1298326318880298,Grocery,Saanvi Chopra,34.0,Kolkata,2024-03-14,14,3,2024,True,False,False,5,130.0,High,2.0,15,0.0,100.84,0.0,142.01,41.13,30.37,75.65,0.0
T000026,U0018,P018,104.94,2024-11-27,27,11,2024,0,0,False,False,False,True,False,False,4.66287289611638,10.244022647378324,0.9159771982767376,0.44210629343251445,Electronics,Sai Iyer,34.0,Nagpur,2022-10-04,4,10,2022,True,False,False,5,112.43599999999999,High,2.0,339,0.0,138.42,0.0,104.94,279.89,0.0,38.93,0.0
T000027,U0130,P018,56.75,2024-08-02,2,8,2024,0,0,False,True,False,False,False,False,4.056123349401903,7.533259586659682,-0.246159570903336,0.20627385729666242,Electronics,Anaya Kapoor,27.0,Indore,2022-03-05,5,3,2022,True,False,False,5,44.57,Low,0.0,9,0.0,33.62,0.0,91.47999999999999,0.0,53.18000000000001,0.0,0.0
T000028,U0186,P020,28.6,2025-09-29,29,9,2025,0,0,True,False,False,False,False,False,3.3877743613300146,5.347896782848375,-0.9250172188057862,0.0685132622100421,Toys,Saanvi Mukherjee,37.0,Patna,2023-09-28,28,9,2023,True,False,False,3,90.67,Medium,1.0,33,0.0,0.0,0.0,102.55,140.86,0.0,0.0,28.6
T000029,U0039,P029,35.55,2025-09-18,18,9,2025,0,0,True,False,False,False,False,False,3.5986811861957873,5.962382074305537,-0.7574129327339558,0.10252520309288439,Clothing,Meera Gupta,21.0,Ahmedabad,2022-05-12,12,5,2022,False,False,True,6,61.31,Medium,1.0,44,0.0,24.26,97.15,0.0,0.0,0.0,49.9,135.24
T000030,U0089,P022,82.09,2025-02-11,11,2,2025,0,0,True,False,False,False,False,False,4.41992435767689,9.060353193998566,0.3649328908319425,0.3302828618968386,Electronics,Kiara Kulkarni,27.0,Ahmedabad,2024-08-05,5,8,2024,False,False,True,7,66.04666666666667,High,2.0,263,0.0,81.05,128.41,123.55000000000001,27.79,35.48,0.0,0.0
T000031,U0117,P021,35.23,2024-05-04,4,5,2024,0,0,False,False,True,False,False,False,3.5898875049069856,5.935486500700679,-0.7651299646106444,0.10095918567094057,Books,Aadhya Joshi,31.0,Kolkata,2022-06-01,1,6,2022,True,False,False,13,143.5614285714286,High,2.0,56,0.0,165.31,458.83,102.63,127.18,43.33,20.75,86.9
T000032,U0147,P025,62.17,2025-04-21,21,4,2025,0,0,False,False,True,False,False,False,4.145829504910609,7.884795495128583,-0.11545234349192282,0.23279827738083586,Electronics,Ishaan Mehta,22.0,Ghaziabad,2023-09-14,14,9,2023,False,True,False,12,75.10333333333334,High,2.0,7,40.02,257.28,32.85,103.53999999999999,77.19,141.2,0.0,23.85
T000033,U0012,P021,56.11,2025-08-26,26,8,2025,1,1,False,False,False,False,False,True,4.044979232676772,7.490660852021001,-0.2615936346567132,0.2031418224527748,Books,Aarohi Singh,28.0,Ghaziabad,2024-06-25,25,6,2024,False,False,True,8,122.76199999999999,High,2.0,27,49.85,185.72,0.0,215.85,54.06,23.59,0.0,84.74
T000034,U0181,P025,36.93,2023-11-08,8,11,2023,0,0,False,False,False,True,False,False,3.6357423557008075,6.0770058416953985,-0.7241332327657362,0.10927865322501713,Electronics,Aditya Bose,37.0,Bengaluru,2023-08-14,14,8,2023,True,False,False,4,48.4,Low,0.0,698,0.0,0.0,0.0,36.93,116.47,0.0,0.0,40.2
T000035,U0127,P003,197.62,2025-10-25,25,10,2025,0,0,False,False,True,False,False,False,5.291393451475212,14.057738082636197,3.151022555562674,0.8956640892629931,Beauty,Ishaan Nair,24.0,Vadodara,2022-03-24,24,3,2022,True,False,False,2,130.4,Medium,1.0,7,197.62,0.0,0.0,0.0,0.0,0.0,63.18,0.0
T000036,U0152,P022,79.87,2025-06-20,20,6,2025,0,0,False,True,False,False,False,False,4.392842927107731,8.937001734362594,0.3113959821874154,0.31941861603210336,Electronics,Vivaan Mehta,34.0,Indore,2023-11-09,9,11,2023,False,False,True,4,59.41,Low,0.0,32,0.0,21.86,0.0,179.73000000000002,36.05,0.0,0.0,0.0
T000037,U0026,P034,16.2,2023-02-01,1,2,2023,0,0,False,False,False,True,False,False,2.8449093838194073,4.024922359499621,-1.2240522040274693,0.007830087109719094,Books,Ira Joshi,32.0,Delhi,2024-05-31,31,5,2024,False,True,False,5,52.41,Low,0.0,595,55.2,16.2,0.0,27.25,66.32,44.67,0.0,0.0
T000038,U0185,P010,61.06,2023-11-13,13,11,2023,0,0,False,False,False,True,False,False,4.128101659020234,7.814089838234521,-0.1422207978141864,0.22736615444846825,Sports,Ira Bose,30.0,Thane,2022-11-01,1,11,2022,True,False,False,4,72.525,Medium,1.0,52,0.0,40.7,58.68,0.0,0.0,0.0,61.06,129.66
T000039,U0020,P031,36.71,2024-11-24,24,11,2024,0,0,False,False,False,False,True,False,3.6299253112702656,6.058877783880444,-0.7294386921809595,0.10820201624743077,Grocery,Vivaan Ghosh,20.0,Lucknow,2023-02-15,15,2,2023,False,True,False,4,95.53333333333335,Medium,1.0,210,0.0,0.0,123.15,0.0,36.71,48.81,0.0,77.93
T000040,U0160,P045,91.05,2023-06-14,14,6,2023,0,0,False,False,False,True,False,False,4.522331907679087,9.5420123663722,0.5810097833792232,0.3741313497112655,Grocery,Myra Chopra,37.0,Nagpur,2022-12-11,11,12,2022,False,False,True,3,101.74499999999999,Low,0.0,130,31.73,0.0,0.0,0.0,91.05,80.71,0.0,0.0
T000041,U0085,P044,33.94,2025-02-17,17,2,2025,0,0,True,False,False,False,False,False,3.5536323047059106,5.825804665451804,-0.7962392493635453,0.09464617793872955,Beauty,Arjun Kapoor,25.0,Kanpur,2023-08-20,20,8,2023,False,True,False,6,78.62,High,2.0,114,33.94,229.31,55.21,28.28,0.0,46.36,0.0,0.0
T000042,U0082,P041,50.97,2025-09-26,26,9,2025,1,1,False,False,False,False,False,True,3.9506666290203505,7.139327699440614,-0.38554845917602387,0.17798766761280221,Home,Ishaan Verma,34.0,Lucknow,2024-02-29,29,2,2024,False,True,False,7,66.91666666666667,High,2.0,30,0.0,188.73000000000002,0.0,61.47,38.92,112.38,0.0,0.0
T000043,U0139,P003,73.92,2023-05-21,21,5,2023,0,0,True,False,False,False,False,False,4.316420877575887,8.597674104081872,0.16790742073023668,0.29030047959283545,Beauty,Kiara Reddy,38.0,Pune,2022-02-21,21,2,2022,True,False,False,4,85.75750000000001,Medium,1.0,132,73.92,110.12,0.0,0.0,94.73,64.26,0.0,0.0
T000044,U0061,P041,91.79,2024-08-11,11,8,2024,1,1,False,False,False,False,False,True,4.530338875365088,9.58070978581441,0.5988554195940657,0.37775276499951066,Home,Aarohi Joshi,28.0,Chennai,2022-10-31,31,10,2022,False,True,False,7,118.92999999999999,High,2.0,126,0.0,78.55,163.11,0.0,218.94,91.79,0.0,42.26
T000045,U0059,P048,26.57,2025-06-07,7,6,2025,0,0,False,True,False,False,False,False,3.3167282250357055,5.154609587543949,-0.9739721397735295,0.05857883918958599,Clothing,Vivaan Iyer,34.0,Mumbai,2023-02-04,4,2,2023,True,False,False,5,63.89,Medium,1.0,62,71.28,0.0,144.87,39.41,0.0,0.0,0.0,0.0
T000046,U0026,P049,44.67,2023-07-25,25,7,2023,1,1,False,False,False,False,False,True,3.821441627196908,6.683561924602779,-0.5374775242483306,0.14715669961828326,Home,Ira Joshi,32.0,Delhi,2024-05-31,31,5,2024,False,True,False,5,52.41,Low,0.0,595,55.2,16.2,0.0,27.25,66.32,44.67,0.0,0.0
T000047,U0114,P011,41.06,2024-09-05,5,9,2024,1,1,False,False,False,False,False,True,3.7390971702745537,6.407807737440318,-0.6245352901072239,0.12949006557697956,Electronics,Sai Singh,51.0,Chennai,2022-05-31,31,5,2022,False,True,False,7,121.62666666666667,Medium,1.0,43,29.56,126.61000000000001,0.0,41.06,83.68,83.97,0.0,0.0
T000048,U0008,P003,36.89,2023-04-25,25,4,2023,0,0,False,False,False,False,True,False,3.6346872250305093,6.073713855624086,-0.7250978617503222,0.10908290104727415,Beauty,Ishaan Reddy,38.0,Lucknow,2022-04-15,15,4,2022,False,True,False,3,52.05666666666667,Low,0.0,138,36.89,0.0,0.0,0.0,0.0,0.0,119.28,0.0
T000049,U0076,P023,157.48,2025-06-01,1,6,2025,0,0,False,False,False,False,True,False,5.0656284023902955,12.549103553640794,2.183017369530547,0.6992267788979153,Books,Ira Sharma,38.0,Vadodara,2022-11-03,3,11,2022,False,False,True,7,83.45666666666666,High,2.0,19,0.0,240.39999999999998,60.89,59.75,86.16,0.0,53.54,0.0
T000050,U0038,P016,69.62,2025-04-23,23,4,2025,0,0,True,False,False,False,False,False,4.25731339050024,8.34386001800126,0.0642098048872337,0.2692571204854654,Books,Vivaan Ghosh,18.0,Bengaluru,2022-03-29,29,3,2022,False,False,True,4,95.24666666666667,Medium,1.0,192,33.85,69.62,124.11,0.0,0.0,0.0,0.0,58.16
T000051,U0145,P044,25.62,2023-12-15,15,12,2023,0,0,False,False,True,False,False,False,3.2816628129669656,5.061620293937506,-0.9968820781574487,0.053929724968190276,Beauty,Aarav Kulkarni,34.0,Kolkata,2022-05-10,10,5,2022,False,True,False,8,77.6557142857143,High,2.0,217,296.62,141.0,70.65,0.0,0.0,35.32,0.0,0.0
T000052,U0045,P006,94.7,2025-02-22,22,2,2025,0,0,True,False,False,False,False,False,4.5612182984589085,9.731392500562292,0.6690321782227027,0.3919937359303122,Clothing,Sai Chopra,20.0,Mumbai,2022-03-14,14,3,2022,False,True,False,8,136.31,High,2.0,205,120.96,218.42,94.7,0.0,63.37,0.0,0.0,184.1
T000053,U0159,P044,195.06,2025-10-16,16,10,2025,0,0,False,False,True,False,False,False,5.27842073483358,13.9663882231592,3.089286300549165,0.8831359498874426,Beauty,Aditya Khan,22.0,Kolkata,2024-02-08,8,2,2024,True,False,False,3,150.3,Medium,1.0,16,195.06,0.0,0.0,0.0,0.0,36.95,0.0,68.59
T000054,U0150,P010,101.44,2025-08-02,2,8,2025,0,0,False,False,True,False,False,False,4.629277261331325,10.071742649611338,0.8315721621254561,0.4249779778800039,Sports,Muhammad Gupta,34.0,Kolkata,2022-04-15,15,4,2022,False,False,True,9,76.415,High,2.0,91,25.34,139.48000000000002,30.15,58.45,0.0,84.41,101.44,19.22
T000055,U0164,P017,21.94,2024-06-06,6,6,2024,0,0,False,False,False,True,False,False,3.1328821117012247,4.684015371452148,-1.0856279447393677,0.03592052461583635,Beauty,Muhammad Gupta,25.0,Indore,2023-05-16,16,5,2023,False,True,False,7,88.336,High,2.0,19,65.06,98.06,160.86,0.0,0.0,117.7,0.0,0.0
T000056,U0171,P001,40.83,2024-08-12,12,8,2024,0,0,False,False,False,True,False,False,3.733613785454107,6.389835678638379,-0.6300819067685939,0.1283644905549574,Grocery,Sai Patel,24.0,Chennai,2022-11-20,20,11,2022,False,False,True,2,60.115,Low,0.0,446,0.0,0.0,0.0,0.0,40.83,79.4,0.0,0.0
T000057,U0174,P035,116.76,2023-06-01,1,6,2023,0,0,False,False,True,False,False,False,4.7686486549805664,10.80555412739208,1.201025063221923,0.4999510619555643,Sports,Ira Kulkarni,34.0,Hyderabad,2024-05-02,2,5,2024,True,False,False,7,50.82714285714285,Medium,1.0,39,48.04,100.94,14.6,0.0,52.3,23.15,116.76,0.0
T000058,U0114,P023,35.71,2024-09-04,4,9,2024,0,0,True,False,False,False,False,False,3.603049197508743,5.975784467331465,-0.7535544167956114,0.10330821180385631,Books,Sai Singh,51.0,Chennai,2022-05-31,31,5,2022,False,True,False,7,121.62666666666667,Medium,1.0,43,29.56,126.61000000000001,0.0,41.06,83.68,83.97,0.0,0.0
T000059,U0164,P028,71.26,2024-05-27,27,5,2024,1,1,False,False,False,False,False,True,4.280270725719494,8.441563836162112,0.10375959325526278,0.2772829597729275,Home,Muhammad Gupta,25.0,Indore,2023-05-16,16,5,2023,False,True,False,7,88.336,High,2.0,19,65.06,98.06,160.86,0.0,0.0,117.7,0.0,0.0
T000060,U0117,P020,86.9,2025-02-26,26,2,2025,0,0,False,False,True,False,False,False,4.476199804691132,9.322016949137135,0.48092952622841806,0.35382206127043164,Toys,Aadhya Joshi,31.0,Kolkata,2022-06-01,1,6,2022,True,False,False,13,143.5614285714286,High,2.0,56,0.0,165.31,458.83,102.63,127.18,43.33,20.75,86.9
T000061,U0124,P007,31.31,2025-02-20,20,2,2025,0,0,False,False,True,False,False,False,3.475376779836407,5.595533933415112,-0.8596636051000796,0.08177547225212879,Books,Ishaan Ghosh,20.0,Jaipur,2024-02-24,24,2,2024,False,False,True,3,97.11000000000001,Low,0.0,204,0.0,194.22000000000003,0.0,0.0,0.0,0.0,0.0,0.0
T000062,U0147,P023,52.68,2024-08-28,28,8,2024,0,0,True,False,False,False,False,False,3.9830404926634264,7.258098924649622,-0.3443105700849691,0.18635607321131448,Books,Ishaan Mehta,22.0,Ghaziabad,2023-09-14,14,9,2023,False,True,False,12,75.10333333333334,High,2.0,7,40.02,257.28,32.85,103.53999999999999,77.19,141.2,0.0,23.85
T000063,U0180,P019,14.6,2025-03-21,21,3,2025,0,0,False,True,False,False,False,False,2.747270914255491,3.82099463490856,-1.2626373634109125,0.0,Home,Reyansh Verma,53.0,Bhopal,2022-04-27,27,4,2022,True,False,False,7,122.6075,High,2.0,19,0.0,0.0,190.78,0.0,221.44,48.04,30.17,0.0
T000064,U0071,P001,29.53,2023-04-11,11,4,2023,0,0,True,False,False,False,False,False,3.4187098067467865,5.43415126767741,-0.9025895949141599,0.07306450034256633,Grocery,Kabir Roy,34.0,Bengaluru,2022-01-10,10,1,2022,True,False,False,9,82.455,High,2.0,315,156.49,36.11,0.0,52.49,29.53,299.53,85.49,0.0
T000065,U0156,P048,46.92,2024-08-09,9,8,2024,0,0,False,False,False,True,False,False,3.869532953807194,6.849817515817484,-0.4832171438653639,0.15816775961632573,Clothing,Reyansh Amin,26.0,Jaipur,2023-09-23,23,9,2023,False,False,True,4,92.12,Medium,1.0,449,0.0,0.0,46.92,0.0,0.0,104.47,0.0,124.97
T000066,U0199,P015,25.82,2024-12-22,22,12,2024,0,0,True,False,False,False,False,False,3.2891478778535324,5.081338406365,-0.9920589332345184,0.05490848585690515,Books,Meera Roy,32.0,Ghaziabad,2022-02-10,10,2,2022,False,True,False,9,92.57285714285715,High,2.0,81,0.0,288.35,40.28,61.43,0.0,218.94,39.01,0.0
T000067,U0057,P041,145.39,2024-05-28,28,5,2024,0,0,False,False,True,False,False,False,4.98627429318332,12.057777573002413,1.8914582589394056,0.6400606831751003,Home,Aarav Gupta,25.0,Pune,2023-02-21,21,2,2023,False,True,False,5,87.152,High,2.0,407,132.32,72.69,30.35,55.01,0.0,145.39,0.0,0.0
T000068,U0174,P049,23.15,2023-10-08,8,10,2023,1,1,False,False,False,False,False,True,3.184284380098582,4.811444689487764,-1.056447917955639,0.04184202799256141,Home,Ira Kulkarni,34.0,Hyderabad,2024-05-02,2,5,2024,True,False,False,7,50.82714285714285,Medium,1.0,39,48.04,100.94,14.6,0.0,52.3,23.15,116.76,0.0
T000069,U0161,P007,41.93,2023-03-22,22,3,2023,1,1,False,False,False,False,False,True,3.7595708822364693,6.47533782902483,-0.6035546096924768,0.1337476754428893,Books,Aarav Joshi,24.0,Pune,2023-05-15,15,5,2023,True,False,False,5,59.246,Medium,1.0,20,89.47,134.08,0.0,0.0,0.0,0.0,40.76,31.92
T000070,U0080,P029,59.05,2025-01-17,17,1,2025,0,0,False,True,False,False,False,False,4.095177548525992,7.684399781375251,-0.19069340428963677,0.2175296075168836,Clothing,Ishaan Amin,18.0,Jaipur,2024-07-16,16,7,2024,True,False,False,7,62.01285714285715,High,2.0,200,0.0,0.0,59.05,101.83,138.17,43.27,91.77,0.0
T000071,U0188,P009,129.64,2024-08-27,27,8,2024,0,0,False,True,False,False,False,False,4.8724454486622095,11.385956261992225,1.5116355962586387,0.562983263188803,Clothing,Muhammad Das,31.0,Bengaluru,2022-06-10,10,6,2022,True,False,False,8,81.32333333333334,High,2.0,242,0.0,49.1,222.48,0.0,0.0,142.34,74.02,0.0
T000072,U0084,P048,23.07,2023-12-26,26,12,2023,0,0,False,False,False,True,False,False,3.1809662517949806,4.803123983409131,-1.058377175924811,0.041450523637075465,Clothing,Kiara Kapoor,27.0,Hyderabad,2022-03-19,19,3,2022,False,True,False,4,61.123333333333335,Low,0.0,17,0.0,53.98,96.81,0.0,32.58,0.0,0.0,0.0
T000073,U0052,P009,109.72,2025-01-19,19,1,2025,0,0,True,False,False,False,False,False,4.707004491869359,10.474731500138798,1.0312503619347737,0.4654986786728002,Clothing,Vivaan Patel,28.0,Nagpur,2024-01-16,16,1,2024,False,True,False,12,84.46777777777778,High,2.0,24,57.08,122.91999999999999,157.13,134.35,97.29,191.44,0.0,0.0
T000074,U0136,P033,54.93,2023-12-03,3,12,2023,0,0,False,False,False,False,True,False,4.024100908833496,7.4114775854751125,-0.2900501897020024,0.19736713320935695,Clothing,Anaya Bose,44.0,Pune,2024-05-10,10,5,2024,False,False,True,5,86.9,Medium,1.0,240,0.0,92.16,54.93,0.0,37.57,162.94,0.0,0.0
T000075,U0066,P031,30.3,2024-11-24,24,11,2024,0,0,False,False,False,False,True,False,3.4436180975461075,5.504543577809154,-0.8840204869608781,0.07683272976411863,Grocery,Aditya Ghosh,42.0,Hyderabad,2024-08-22,22,8,2024,True,False,False,3,41.803333333333335,Low,0.0,31,0.0,36.91,0.0,0.0,30.3,58.2,0.0,0.0
T000076,U0030,P030,72.04,2023-10-16,16,10,2023,0,0,False,True,False,False,False,False,4.291007236286713,8.487638069569178,0.12256985845469126,0.28110012723891553,Home,Aarohi Sharma,29.0,Hyderabad,2023-11-30,30,11,2023,False,False,True,9,118.80199999999999,High,2.0,33,168.95,176.11,0.0,102.74,0.0,146.21,0.0,0.0
T000077,U0194,P015,61.52,2025-03-24,24,3,2025,1,1,False,False,False,False,False,True,4.135486505553276,7.8434686204510315,-0.1311275644914465,0.2296173044925125,Books,Vihaan Kapoor,22.0,Ahmedabad,2024-07-19,19,7,2024,False,True,False,5,68.1025,Medium,1.0,222,0.0,110.05000000000001,0.0,0.0,0.0,56.59,85.99,19.78
T000078,U0143,P024,38.09,2025-03-19,19,3,2025,0,0,False,True,False,False,False,False,3.6658666798048634,6.171709649683789,-0.6961589922127399,0.11495546637956348,Home,Aarohi Verma,19.0,Kolkata,2023-10-28,28,10,2023,True,False,False,3,39.68666666666667,Low,0.0,227,0.0,0.0,0.0,60.74,0.0,58.32000000000001,0.0,0.0
T000079,U0004,P017,56.93,2023-09-11,11,9,2023,0,0,True,False,False,False,False,False,4.059235385108533,7.545197147855051,-0.2418187404726987,0.2071547420965058,Beauty,Aarav Gupta,44.0,Kolkata,2023-06-02,2,6,2023,False,True,False,3,100.21333333333332,Medium,1.0,577,222.5,0.0,0.0,0.0,0.0,0.0,0.0,78.14
T000080,U0117,P024,43.33,2024-06-20,20,6,2024,1,1,False,False,False,False,False,True,3.7916616487569623,6.582552696332935,-0.5697925952319642,0.1405990016638935,Home,Aadhya Joshi,31.0,Kolkata,2022-06-01,1,6,2022,True,False,False,13,143.5614285714286,High,2.0,56,0.0,165.31,458.83,102.63,127.18,43.33,20.75,86.9
T000081,U0150,P025,58.45,2025-01-30,30,1,2025,1,1,False,False,False,False,False,True,4.085135623136791,7.6452599694189605,-0.20516283905842778,0.21459332485073895,Electronics,Muhammad Gupta,34.0,Kolkata,2022-04-15,15,4,2022,False,False,True,9,76.415,High,2.0,91,25.34,139.48000000000002,30.15,58.45,0.0,84.41,101.44,19.22
T000082,U0028,P044,81.23,2025-08-23,23,8,2025,0,0,False,False,True,False,False,False,4.409520198982804,9.012768719988326,0.3441933676633419,0.3260741900753646,Beauty,Kiara Kulkarni,35.0,Nagpur,2023-01-26,26,1,2023,False,True,False,9,101.28,High,2.0,70,101.57000000000001,174.23000000000002,252.42000000000002,0.0,0.0,125.28,0.0,55.46
T000083,U0007,P040,141.4,2024-11-02,2,11,2024,0,0,True,False,False,False,False,False,4.958639998977875,11.8911731969558,1.7952365177269451,0.6205344034452384,Grocery,Ishaan Sharma,44.0,Indore,2022-12-15,15,12,2022,False,True,False,5,85.938,High,2.0,13,0.0,0.0,47.02,47.71,141.4,37.04,0.0,156.52
T000084,U0157,P015,25.98,2023-05-10,10,5,2023,1,1,False,False,False,False,False,True,3.2950958507796098,5.0970579749498635,-0.988200417296174,0.05569149456787707,Books,Aarohi Joshi,46.0,Indore,2024-04-25,25,4,2024,True,False,False,5,56.39,Low,0.0,134,79.79,25.98,0.0,47.16,42.64,29.99,0.0,0.0
T000085,U0163,P030,196.33,2024-09-10,10,9,2024,1,1,False,False,False,False,False,True,5.284877454181334,14.011780757633913,3.1199132708097723,0.8893510815307821,Home,Sara Khan,41.0,Mumbai,2023-06-14,14,6,2023,False,False,True,7,153.566,High,2.0,282,76.58,62.47,58.96,0.0,0.0,297.73,0.0,272.09000000000003
T000086,U0167,P027,16.92,2023-10-14,14,10,2023,0,0,False,True,False,False,False,False,2.8859174075467844,4.113392760240627,-1.20668888230492,0.011353626309092688,Toys,Sai Bose,38.0,Kolkata,2022-11-10,10,11,2022,False,False,True,4,76.80250000000001,Medium,1.0,182,76.54,0.0,0.0,146.49,67.26,0.0,0.0,16.92
T000087,U0012,P003,49.85,2025-10-05,5,10,2025,0,0,False,False,False,False,True,False,3.928880122494569,7.060453243241541,-0.4125580707444339,0.17250660663599882,Beauty,Aarohi Singh,28.0,Ghaziabad,2024-06-25,25,6,2024,False,False,True,8,122.76199999999999,High,2.0,27,49.85,185.72,0.0,215.85,54.06,23.59,0.0,84.74
T000088,U0030,P007,77.71,2023-10-05,5,10,2023,0,0,False,False,True,False,False,False,4.3657702121543585,8.815327560561775,0.2593060170197671,0.30884799843398253,Books,Aarohi Sharma,29.0,Hyderabad,2023-11-30,30,11,2023,False,False,True,9,118.80199999999999,High,2.0,33,168.95,176.11,0.0,102.74,0.0,146.21,0.0,0.0
T000089,U0100,P030,64.62,2025-05-08,8,5,2025,0,0,False,False,False,False,True,False,4.183880527532955,8.038656604184558,-0.05636881818602567,0.24478809826759323,Home,Anaya Mukherjee,30.0,Visakhapatnam,2022-04-29,29,4,2022,False,False,True,8,113.37,High,2.0,63,0.0,84.14,0.0,63.2,52.81,64.62,189.65,112.43
T000090,U0151,P048,37.58,2023-11-13,13,11,2023,1,1,False,False,False,False,False,True,3.652734007477583,6.130252849597641,-0.7084580117662125,0.1124596261133405,Clothing,Kabir Kulkarni,34.0,Patna,2024-03-12,12,3,2024,False,True,False,8,94.825,High,2.0,220,33.2,263.46,136.95,0.0,0.0,0.0,79.01,56.33
T000091,U0107,P042,48.19,2025-09-29,29,9,2025,0,0,False,True,False,False,False,False,3.8956903508072482,6.941901756723441,-0.4525901736047561,0.16438289125966526,Home,Kiara Bose,47.0,Pune,2023-09-23,23,9,2023,False,False,True,7,60.336,Medium,1.0,33,0.0,0.0,29.26,23.47,150.88,75.91,22.16,0.0
T000092,U0158,P027,40.62,2023-03-09,9,3,2023,0,0,False,False,False,False,True,False,3.7285808209654885,6.373382147651276,-0.6351462089376708,0.12733679162180678,Toys,Saanvi Khan,35.0,Kolkata,2024-04-30,30,4,2024,True,False,False,5,85.5725,Medium,1.0,156,129.83,0.0,0.0,0.0,15.27,70.67,0.0,126.52000000000001
T000093,U0177,P024,38.34,2025-06-27,27,6,2025,0,0,False,False,True,False,False,False,3.672241812960913,6.191930232165088,-0.6901300610590769,0.1161789174904571,Home,Ishaan Verma,32.0,Vadodara,2022-10-27,27,10,2022,False,True,False,5,96.5125,High,2.0,10,0.0,0.0,252.76,25.77,0.0,38.34,0.0,69.18
T000094,U0114,P016,90.9,2023-07-23,23,7,2023,0,0,False,False,False,False,True,False,4.520701029361642,9.534149149242422,0.5773924246870256,0.3733972790447294,Books,Sai Singh,51.0,Chennai,2022-05-31,31,5,2022,False,True,False,7,121.62666666666667,Medium,1.0,43,29.56,126.61000000000001,0.0,41.06,83.68,83.97,0.0,0.0
T000095,U0176,P024,67.64,2025-01-04,4,1,2025,0,0,True,False,False,False,False,False,4.228875455179707,8.224354077980836,0.01646067015022289,0.259567387687188,Home,Kabir Sharma,38.0,Vadodara,2022-05-10,10,5,2022,False,False,True,5,94.39999999999999,Medium,1.0,46,0.0,60.82,0.0,97.36,0.0,97.13,27.89,0.0
T000096,U0016,P026,36.03,2024-01-24,24,1,2024,0,0,False,False,False,False,True,False,3.6117283949255214,6.002499479383568,-0.7458373849189228,0.10487422922580013,Beauty,Diya Iyer,27.0,Kanpur,2022-08-03,3,8,2022,True,False,False,2,51.365,Low,0.0,82,36.03,0.0,0.0,0.0,0.0,66.7,0.0,0.0
T000097,U0032,P030,93.67,2024-03-10,10,3,2024,0,0,False,True,False,False,False,False,4.5503971601407995,9.67832630158748,0.6441929818696112,0.3869531173534306,Home,Kabir Mukherjee,46.0,Thane,2022-01-04,4,1,2022,False,True,False,2,155.01,Low,0.0,580,0.0,0.0,0.0,0.0,61.34,93.67,0.0,0.0
T000098,U0165,P041,65.65,2023-02-13,13,2,2023,0,0,True,False,False,False,False,False,4.199455046624718,8.10246875958186,-0.031529621832934215,0.24982871684447489,Home,Aarohi Ghosh,39.0,Bhopal,2023-10-24,24,10,2023,False,False,True,3,126.62,Medium,1.0,84,0.0,105.99,0.0,0.0,0.0,65.65,81.6,0.0
T000099,U0013,P022,88.92,2023-09-15,15,9,2023,0,0,False,False,True,False,False,False,4.498920386145381,9.429740187301027,0.5296432899500148,0.36370754624645196,Electronics,Diya Chopra,33.0,Bengaluru,2022-02-16,16,2,2022,False,True,False,4,96.2925,Medium,1.0,176,0.0,57.05,197.43,130.69,0.0,0.0,0.0,0.0
T000100,U0145,P014,79.66,2024-02-29,29,2,2024,0,0,False,True,False,False,False,False,4.390242789445222,8.92524509467387,0.3063316800183383,0.3183909170989527,Beauty,Aarav Kulkarni,34.0,Kolkata,2022-05-10,10,5,2022,False,True,False,8,77.6557142857143,High,2.0,217,296.62,141.0,70.65,0.0,0.0,35.32,0.0,0.0
T000101,U0151,P014,33.2,2024-11-03,3,11,2024,0,0,False,False,True,False,False,False,3.5322256440685598,5.761944116355173,-0.8140848855783875,0.0910247626504845,Beauty,Kabir Kulkarni,34.0,Patna,2024-03-12,12,3,2024,False,True,False,8,94.825,High,2.0,220,33.2,263.46,136.95,0.0,0.0,0.0,79.01,56.33
T000102,U0199,P010,39.01,2023-01-06,6,1,2023,0,0,True,False,False,False,False,False,3.6891294228691436,6.245798587850876,-0.6739725255672603,0.11945776646765195,Sports,Meera Roy,32.0,Ghaziabad,2022-02-10,10,2,2022,False,True,False,9,92.57285714285715,High,2.0,81,0.0,288.35,40.28,61.43,0.0,218.94,39.01,0.0
T000103,U0071,P010,85.49,2024-05-28,28,5,2024,0,0,False,False,True,False,False,False,4.460028800318421,9.24608025057105,0.44692635452175866,0.34692179700499165,Sports,Kabir Roy,34.0,Bengaluru,2022-01-10,10,1,2022,True,False,False,9,82.455,High,2.0,315,156.49,36.11,0.0,52.49,29.53,299.53,85.49,0.0
T000104,U0045,P008,78.75,2023-02-22,22,2,2023,1,1,False,False,False,False,False,True,4.378896741664954,8.874119674649425,0.2843863706190052,0.31393755505529997,Books,Sai Chopra,20.0,Mumbai,2022-03-14,14,3,2022,False,True,False,8,136.31,High,2.0,205,120.96,218.42,94.7,0.0,63.37,0.0,0.0,184.1
T000105,U0034,P001,53.92,2024-05-02,2,5,2024,0,0,False,False,False,False,True,False,4.00587758089977,7.343023900274328,-0.3144070715628008,0.19242439072134676,Grocery,Vihaan Singh,23.0,Visakhapatnam,2023-09-16,16,9,2023,False,False,True,9,136.374,High,2.0,5,103.98,84.49,51.52,39.12,247.26999999999998,46.11,109.38,0.0
T000106,U0151,P021,58.58,2023-12-23,23,12,2023,0,0,False,True,False,False,False,False,4.0873199472851365,7.653757247260981,-0.20202779485852312,0.21522951942840363,Books,Kabir Kulkarni,34.0,Patna,2024-03-12,12,3,2024,False,True,False,8,94.825,High,2.0,220,33.2,263.46,136.95,0.0,0.0,0.0,79.01,56.33
T000107,U0068,P004,117.52,2025-05-12,12,5,2025,0,0,False,False,True,False,False,False,4.775081722705364,10.840664186294122,1.2193530139290583,0.5036703533326808,Toys,Sara Gupta,40.0,Patna,2023-08-02,2,8,2023,True,False,False,4,106.16333333333334,Medium,1.0,122,0.0,0.0,0.0,0.0,0.0,111.3,0.0,207.19
T000108,U0135,P008,38.28,2023-05-11,11,5,2023,1,1,False,False,False,False,False,True,3.670715483486265,6.187083319303208,-0.691577004535956,0.11588528922384263,Books,Ishaan Mukherjee,24.0,Mumbai,2023-02-03,3,2,2023,True,False,False,8,77.40666666666667,High,2.0,183,105.1,63.46,92.0,0.0,25.77,85.44999999999999,0.0,92.66
T000109,U0122,P029,75.81,2023-08-12,12,8,2023,0,0,False,False,False,False,True,False,4.341334840010591,8.706893820416097,0.21348614025192872,0.29954976999119115,Clothing,Myra Kulkarni,24.0,Visakhapatnam,2023-03-13,13,3,2023,False,False,True,3,44.42333333333334,Low,0.0,221,0.0,36.26,97.01,0.0,0.0,0.0,0.0,0.0
T000110,U0116,P033,48.36,2023-03-30,30,3,2023,0,0,False,False,True,False,False,False,3.8991403795971324,6.954135460285484,-0.4484905004202652,0.16521483801507292,Clothing,Aditya Roy,34.0,Patna,2022-07-19,19,7,2022,True,False,False,11,94.10666666666667,High,2.0,124,32.99,35.78,159.60999999999999,56.14,0.0,168.49,111.63,0.0
T000111,U0187,P043,47.91,2024-09-09,9,9,2024,0,0,True,False,False,False,False,False,3.8899818745512658,6.921704992268884,-0.45934257649685867,0.1630126260154644,Home,Vivaan Kulkarni,35.0,Hyderabad,2024-08-28,28,8,2024,False,False,True,7,76.19800000000001,Medium,1.0,154,0.0,164.03,67.21,0.0,0.0,149.75,0.0,0.0
T000112,U0118,P042,105.56,2023-05-05,5,5,2023,0,0,False,True,False,False,False,False,4.668708206792079,10.274239631233058,0.930928947537822,0.44514045218753057,Home,Aarav Patel,22.0,Kolkata,2022-06-30,30,6,2022,True,False,False,4,123.435,High,2.0,314,218.94,122.39,0.0,46.85,0.0,105.56,0.0,0.0
T000113,U0123,P026,89.59,2023-08-10,10,8,2023,0,0,False,False,False,True,False,False,4.506343831681196,9.465199416811037,0.5458008254418315,0.36698639522364684,Beauty,Aarohi Roy,43.0,Bhopal,2023-04-06,6,4,2023,False,True,False,7,60.01,Medium,1.0,220,172.5,106.53,14.6,0.0,0.0,66.43,0.0,0.0
T000114,U0126,P046,88.95,2023-05-31,31,5,2023,0,0,False,False,False,True,False,False,4.499253960396542,9.431330765061738,0.5303667616884543,0.3638543603797592,Toys,Myra Gupta,49.0,Surat,2022-08-29,29,8,2022,False,False,True,6,79.382,High,2.0,462,47.24,16.46,0.0,0.0,0.0,68.66,115.98,148.57
T000115,U0021,P021,119.5,2023-10-31,31,10,2023,0,0,True,False,False,False,False,False,4.791649752930709,10.931605554537724,1.267102148666069,0.5133600861309583,Books,Ishaan Gupta,43.0,Patna,2024-06-16,16,6,2024,False,True,False,4,83.7875,Medium,1.0,473,117.85,119.5,0.0,0.0,0.0,97.8,0.0,0.0
T000116,U0017,P009,55.29,2024-10-27,27,10,2024,0,0,False,False,False,False,True,False,4.030516899475935,7.4357245780085215,-0.28136852884072777,0.19912890280904372,Clothing,Ishaan Gupta,23.0,Pune,2023-07-01,1,7,2023,False,False,True,5,91.42,Medium,1.0,55,0.0,83.98,55.29,53.77,0.0,0.0,22.39,150.25
T000117,U0098,P039,82.2,2024-08-26,26,8,2024,0,0,True,False,False,False,False,False,4.421247347827163,9.06642156531451,0.3675856205395542,0.3308211803856318,Grocery,Ishaan Iyer,34.0,Jaipur,2022-02-09,9,2,2022,False,False,True,3,66.34666666666668,Low,0.0,432,0.0,0.0,0.0,0.0,82.2,0.0,54.0,62.84
T000118,U0117,P033,45.32,2025-05-31,31,5,2025,0,0,True,False,False,False,False,False,3.83557383326474,6.732013071882734,-0.5218023032488069,0.15033767250660662,Clothing,Aadhya Joshi,31.0,Kolkata,2022-06-01,1,6,2022,True,False,False,13,143.5614285714286,High,2.0,56,0.0,165.31,458.83,102.63,127.18,43.33,20.75,86.9
T000119,U0026,P045,66.32,2024-03-16,16,3,2024,0,0,False,True,False,False,False,False,4.209457369322605,8.143709228600933,-0.01537208634111776,0.2531075658216697,Grocery,Ira Joshi,32.0,Delhi,2024-05-31,31,5,2024,False,True,False,5,52.41,Low,0.0,595,55.2,16.2,0.0,27.25,66.32,44.67,0.0,0.0
T000120,U0111,P029,50.5,2025-04-27,27,4,2025,0,0,False,False,True,False,False,False,3.9415818076696905,7.106335201775948,-0.3968828497449102,0.17568757952432223,Clothing,Myra Roy,18.0,Chennai,2023-06-08,8,6,2023,False,False,True,3,43.57,Low,0.0,188,0.0,0.0,85.03999999999999,0.0,0.0,45.67,0.0,0.0
T000121,U0087,P030,57.87,2025-05-01,1,5,2025,0,0,False,False,False,True,False,False,4.07533162304017,7.6072333998635795,-0.21914995933492598,0.21175491827346576,Home,Kabir Mehta,39.0,Kanpur,2022-08-04,4,8,2022,False,True,False,4,52.32333333333333,Low,0.0,17,0.0,45.02,0.0,0.0,0.0,57.87,54.08,0.0
T000122,U0187,P007,78.03,2025-05-24,24,5,2025,0,0,False,False,False,False,True,False,4.369827527216884,8.833459118601274,0.26702304889645584,0.3104140158559264,Books,Vivaan Kulkarni,35.0,Hyderabad,2024-08-28,28,8,2024,False,False,True,7,76.19800000000001,Medium,1.0,154,0.0,164.03,67.21,0.0,0.0,149.75,0.0,0.0
T000123,U0081,P043,33.42,2025-02-05,5,2,2025,0,0,False,False,False,False,True,False,3.5386377907833935,5.781003373117854,-0.8087794261631641,0.09210139962807086,Home,Vivaan Gupta,30.0,Indore,2024-04-29,29,4,2024,False,False,True,6,67.86800000000001,Medium,1.0,207,0.0,0.0,74.56,0.0,0.0,86.89,63.6,114.28999999999999
T000124,U0040,P044,191.6,2023-05-18,18,5,2023,0,0,False,False,False,True,False,False,5.260615499364025,13.841965178398622,3.0058458933824688,0.866203386512675,Beauty,Meera Kapoor,33.0,Jaipur,2023-06-25,25,6,2023,False,True,False,4,91.0975,Medium,1.0,115,191.6,85.43,0.0,0.0,0.0,31.87,0.0,55.49
T000125,U0024,P006,29.86,2025-06-03,3,6,2025,0,0,False,True,False,False,False,False,3.4294608469350147,5.4644304369257,-0.8946314057913248,0.07467945580894587,Clothing,Aarohi Kapoor,20.0,Patna,2023-03-15,15,3,2023,True,False,False,11,96.98142857142857,High,2.0,90,112.61,313.02,89.07000000000001,62.27,55.78,46.12,0.0,0.0
T000126,U0025,P048,26.35,2025-02-02,2,2,2025,1,1,False,False,False,False,False,True,3.3087165288679903,5.13322510708424,-0.9792775991887529,0.0575022022119996,Clothing,Saanvi Bose,27.0,Kolkata,2022-05-22,22,5,2022,True,False,False,6,93.3625,Medium,1.0,30,0.0,0.0,99.75,0.0,0.0,187.25,0.0,86.45
T000127,U0034,P036,109.38,2024-11-06,6,11,2024,0,0,False,True,False,False,False,False,4.703928958011355,10.458489374665922,1.023051015565792,0.4638347851619849,Sports,Vihaan Singh,23.0,Visakhapatnam,2023-09-16,16,9,2023,False,False,True,9,136.374,High,2.0,5,103.98,84.49,51.52,39.12,247.26999999999998,46.11,109.38,0.0
T000128,U0172,P008,87.79,2024-12-25,25,12,2024,0,0,False,False,False,True,False,False,4.4862740310442355,9.369631796394136,0.5023925211354583,0.3581775472252129,Books,Vihaan Kapoor,25.0,Pune,2022-07-16,16,7,2022,False,False,True,5,63.964,Medium,1.0,291,0.0,112.9,0.0,83.15,0.0,47.82,0.0,75.95
T000129,U0171,P049,79.4,2023-04-16,16,4,2023,0,0,False,False,False,True,False,False,4.387014176184921,8.910667763978186,0.300061591618529,0.3171185279436234,Home,Sai Patel,24.0,Chennai,2022-11-20,20,11,2022,False,False,True,2,60.115,Low,0.0,446,0.0,0.0,0.0,0.0,40.83,79.4,0.0,0.0
T000130,U0074,P039,79.6,2024-12-21,21,12,2024,0,0,False,False,False,False,True,False,4.389498649512583,8.921883209278185,0.30488473654145914,0.31809728883233823,Grocery,Diya Gupta,44.0,Kanpur,2022-10-19,19,10,2022,False,True,False,6,60.69333333333333,Medium,1.0,258,0.0,133.3,0.0,0.0,79.6,74.37,76.89,0.0
T000131,U0027,P037,54.2,2024-03-11,11,3,2024,0,0,True,False,False,False,False,False,4.01096295328305,7.362064927722384,-0.30765466867069824,0.19379465596554762,Clothing,Vihaan Reddy,22.0,Pune,2024-03-22,22,3,2024,False,False,True,4,80.48666666666666,Low,0.0,311,0.0,87.49,54.2,0.0,69.37,30.4,0.0,0.0
T000132,U0040,P043,31.87,2024-04-04,4,4,2024,0,0,False,False,False,True,False,False,3.492560387676128,5.645352070508977,-0.8461587993158745,0.08451600274053049,Home,Meera Kapoor,33.0,Jaipur,2023-06-25,25,6,2023,False,True,False,4,91.0975,Medium,1.0,115,191.6,85.43,0.0,0.0,0.0,31.87,0.0,55.49
T000133,U0028,P023,57.14,2025-01-22,22,1,2025,0,0,True,False,False,False,False,False,4.06285389513073,7.559100475585703,-0.23675443830362178,0.20818244102965644,Books,Kiara Kulkarni,35.0,Nagpur,2023-01-26,26,1,2023,False,True,False,9,101.28,High,2.0,70,101.57000000000001,174.23000000000002,252.42000000000002,0.0,0.0,125.28,0.0,55.46
T000134,U0030,P049,36.37,2024-04-08,8,4,2024,0,0,False,False,False,False,True,False,3.6208682434973927,6.0307545133258404,-0.7376380385499413,0.10653812273661543,Home,Aarohi Sharma,29.0,Hyderabad,2023-11-30,30,11,2023,False,False,True,9,118.80199999999999,High,2.0,33,168.95,176.11,0.0,102.74,0.0,146.21,0.0,0.0
T000135,U0110,P036,98.01,2023-02-23,23,2,2023,0,0,True,False,False,False,False,False,4.595220855134423,9.9,0.7488552266972004,0.4081922286385436,Sports,Saanvi Kulkarni,31.0,Lucknow,2023-04-22,22,4,2023,False,False,True,5,59.848,Medium,1.0,52,64.09,0.0,103.32,33.82,0.0,0.0,98.01,0.0
T000136,U0156,P043,49.99,2024-07-01,1,7,2024,1,1,False,False,False,False,False,True,3.9316295350670645,7.070360669725414,-0.40918186929838263,0.17319173925809928,Home,Reyansh Amin,26.0,Jaipur,2023-09-23,23,9,2023,False,False,True,4,92.12,Medium,1.0,449,0.0,0.0,46.92,0.0,0.0,104.47,0.0,124.97
T000137,U0008,P012,33.27,2024-09-24,24,9,2024,0,0,False,False,False,False,True,False,3.5342703358865175,5.768015256567895,-0.8123967848553619,0.09136732896153472,Sports,Ishaan Reddy,38.0,Lucknow,2022-04-15,15,4,2022,False,True,False,3,52.05666666666667,Low,0.0,138,36.89,0.0,0.0,0.0,0.0,0.0,119.28,0.0
T000138,U0087,P023,45.02,2024-01-07,7,1,2024,0,0,False,True,False,False,False,False,3.82907608460722,6.709694478886502,-0.5290370206332025,0.1488695311735343,Books,Kabir Mehta,39.0,Kanpur,2022-08-04,4,8,2022,False,True,False,4,52.32333333333333,Low,0.0,17,0.0,45.02,0.0,0.0,0.0,57.87,54.08,0.0
T000139,U0037,P037,69.95,2025-03-31,31,3,2025,1,1,False,False,False,False,False,True,4.261975403606051,8.363611660042569,0.07216799401006876,0.270872075951845,Clothing,Aarav Patel,33.0,Surat,2022-09-03,3,9,2022,True,False,False,4,63.22,Medium,1.0,213,0.0,90.93,69.95,53.3,38.7,0.0,0.0,0.0
T000140,U0018,P010,38.93,2023-03-04,4,3,2023,1,1,False,False,False,False,False,True,3.6871279210751298,6.239390995922599,-0.6759017835364324,0.11906626211216599,Sports,Sai Iyer,34.0,Nagpur,2022-10-04,4,10,2022,True,False,False,5,112.43599999999999,High,2.0,339,0.0,138.42,0.0,104.94,279.89,0.0,38.93,0.0
T000141,U0024,P048,33.34,2024-03-16,16,3,2024,0,0,True,False,False,False,False,False,3.5363108554693294,5.7740800133008205,-0.8107086841323363,0.09170989527258493,Clothing,Aarohi Kapoor,20.0,Patna,2023-03-15,15,3,2023,True,False,False,11,96.98142857142857,High,2.0,90,112.61,313.02,89.07000000000001,62.27,55.78,46.12,0.0,0.0
T000142,U0097,P027,63.19,2024-11-29,29,11,2024,0,0,False,False,False,True,False,False,4.161847435323687,7.94921379760288,-0.09085430438497802,0.23778995791328178,Toys,Aarohi Nair,34.0,Hyderabad,2024-06-17,17,6,2024,False,True,False,6,102.16799999999999,High,2.0,54,0.0,18.09,84.39,70.48,0.0,191.14,0.0,146.74
T000143,U0041,P024,63.24,2024-10-26,26,10,2024,0,0,False,False,False,False,True,False,4.162626069638506,7.952358140828418,-0.08964851815424532,0.2380346481354605,Home,Sara Mukherjee,37.0,Vadodara,2024-02-13,13,2,2024,False,True,False,5,96.9475,High,2.0,44,0.0,224.42000000000002,56.21,43.92,0.0,63.24,0.0,0.0
T000144,U0199,P037,40.28,2023-06-23,23,6,2023,0,0,True,False,False,False,False,False,3.720378121173307,6.346652661048973,-0.6433455553066524,0.12567289811099147,Clothing,Meera Roy,32.0,Ghaziabad,2022-02-10,10,2,2022,False,True,False,9,92.57285714285715,High,2.0,81,0.0,288.35,40.28,61.43,0.0,218.94,39.01,0.0
T000145,U0014,P010,41.16,2023-04-12,12,4,2023,0,0,False,False,True,False,False,False,3.741471904233107,6.415605972938176,-0.6221237176457588,0.129979446021337,Sports,Sai Singh,18.0,Kolkata,2024-06-06,6,6,2024,False,True,False,5,114.965,High,2.0,275,227.37,0.0,0.0,52.85,0.0,138.48,41.16,0.0
T000146,U0173,P006,62.75,2025-06-26,26,6,2025,0,0,False,False,False,False,True,False,4.154969184038536,7.92148975887743,-0.10146522321542478,0.235636683958109,Clothing,Muhammad Joshi,31.0,Patna,2024-09-27,27,9,2024,True,False,False,6,105.595,High,2.0,128,0.0,0.0,180.04000000000002,0.0,0.0,0.0,0.0,242.34
T000147,U0170,P028,22.9,2025-06-24,24,6,2025,0,0,False,False,False,True,False,False,3.173878458937465,4.78539444560216,-1.062476849109302,0.0406185768816678,Home,Diya Roy,25.0,Surat,2022-09-15,15,9,2022,True,False,False,7,115.75166666666667,High,2.0,122,0.0,172.16,0.0,79.34,110.02,292.81,0.0,40.18
T000148,U0107,P018,23.47,2023-08-22,22,8,2023,0,0,False,False,True,False,False,False,3.19744787745458,4.844584605515729,-1.0487308860789504,0.04340804541450523,Electronics,Kiara Bose,47.0,Pune,2023-09-23,23,9,2023,False,False,True,7,60.336,Medium,1.0,33,0.0,0.0,29.26,23.47,150.88,75.91,22.16,0.0
T000149,U0089,P028,35.48,2024-08-03,3,8,2024,0,0,False,True,False,False,False,False,3.5967641652061304,5.9565090447341715,-0.7591010334569814,0.10218263678183419,Home,Kiara Kulkarni,27.0,Ahmedabad,2024-08-05,5,8,2024,False,False,True,7,66.04666666666667,High,2.0,263,0.0,81.05,128.41,123.55000000000001,27.79,35.48,0.0,0.0
T000150,U0174,P044,48.04,2025-09-23,23,9,2025,0,0,True,False,False,False,False,False,3.892636291627956,6.931089380465383,-0.4562075322969538,0.16364882059312907,Beauty,Ira Kulkarni,34.0,Hyderabad,2024-05-02,2,5,2024,True,False,False,7,50.82714285714285,Medium,1.0,39,48.04,100.94,14.6,0.0,52.3,23.15,116.76,0.0
T000151,U0135,P043,65.8,2023-04-04,4,4,2023,0,0,False,False,False,False,True,False,4.2017030805426,8.1117199162693,-0.027912263140736637,0.250562787511011,Home,Ishaan Mukherjee,24.0,Mumbai,2023-02-03,3,2,2023,True,False,False,8,77.40666666666667,High,2.0,183,105.1,63.46,92.0,0.0,25.77,85.44999999999999,0.0,92.66
T000152,U0057,P026,132.32,2023-04-23,23,4,2023,0,0,True,False,False,False,False,False,4.8927522534395385,11.503043075638724,1.5762657382259058,0.5760986590975825,Beauty,Aarav Gupta,25.0,Pune,2023-02-21,21,2,2023,False,True,False,5,87.152,High,2.0,407,132.32,72.69,30.35,55.01,0.0,145.39,0.0,0.0
T000153,U0002,P014,91.34,2024-03-08,8,3,2024,0,0,False,False,False,False,True,False,4.525477417078843,9.557196241576293,0.5880033435174723,0.37555055299990214,Beauty,Sai Reddy,30.0,Hyderabad,2023-11-24,24,11,2023,False,False,True,6,129.68,High,2.0,553,187.02,0.0,45.02,0.0,0.0,0.0,0.0,157.0
T000154,U0197,P009,49.6,2024-08-15,15,8,2024,0,0,False,False,False,False,True,False,3.92395157629342,7.042726744663604,-0.4185870018980969,0.1712831555251052,Clothing,Kabir Roy,24.0,Thane,2023-12-07,7,12,2023,False,True,False,4,81.47333333333334,Low,0.0,6,0.0,0.0,171.97,0.0,0.0,0.0,0.0,72.45
T000155,U0084,P008,53.98,2025-10-15,15,10,2025,0,0,False,True,False,False,False,False,4.0069694827371,7.347108274688757,-0.3129601280859218,0.1927180189879612,Books,Kiara Kapoor,27.0,Hyderabad,2022-03-19,19,3,2022,False,True,False,4,61.123333333333335,Low,0.0,17,0.0,53.98,96.81,0.0,32.58,0.0,0.0,0.0
T000156,U0192,P028,29.92,2023-09-22,22,9,2023,0,0,False,False,True,False,False,False,3.4314032237192214,5.469917732470938,-0.8931844623144457,0.07497308407556035,Home,Kabir Roy,38.0,Kolkata,2024-08-04,4,8,2024,False,True,False,4,117.11,High,2.0,539,218.94,0.0,0.0,0.0,112.25,137.25,0.0,0.0
T000157,U0098,P035,54.0,2024-04-16,16,4,2024,1,1,False,False,False,False,False,True,4.007333185232471,7.3484692283495345,-0.31247781359362864,0.19281589507683272,Sports,Ishaan Iyer,34.0,Jaipur,2022-02-09,9,2,2022,False,False,True,3,66.34666666666668,Low,0.0,432,0.0,0.0,0.0,0.0,82.2,0.0,54.0,62.84
T000158,U0129,P036,45.92,2024-12-26,26,12,2024,1,1,False,False,False,False,False,True,3.848444023785275,6.776429738438966,-0.5073328684800158,0.15327395517275133,Sports,Arjun Das,32.0,Indore,2023-02-22,22,2,2023,False,True,False,7,109.98,High,2.0,245,26.4,66.65,93.42,0.0,0.0,207.53,45.92,0.0
T000159,U0019,P026,66.26,2023-03-28,28,3,2023,1,1,False,False,False,False,False,True,4.208565706312124,8.140024569987489,-0.016819029817996586,0.2528139375550553,Beauty,Aarohi Ghosh,24.0,Lucknow,2024-05-13,13,5,2024,False,False,True,3,185.60000000000002,Low,0.0,225,113.79,0.0,0.0,0.0,0.0,71.81,0.0,0.0
T000160,U0112,P002,33.24,2023-06-09,9,6,2023,0,0,False,False,False,True,False,False,3.5333945512735414,5.76541412215983,-0.8131202565938015,0.09122051482822748,Grocery,Meera Iyer,31.0,Bengaluru,2022-10-18,18,10,2022,False,False,True,5,59.4525,Low,0.0,334,57.24,48.86,0.0,0.0,33.24,98.47,0.0,0.0
T000161,U0081,P037,74.56,2025-04-08,8,4,2025,0,0,False,False,False,True,False,False,4.324927042633309,8.634813257969162,0.1833414844836139,0.29343251443672314,Clothing,Vivaan Gupta,30.0,Indore,2024-04-29,29,4,2024,False,False,True,6,67.86800000000001,Medium,1.0,207,0.0,0.0,74.56,0.0,0.0,86.89,63.6,114.28999999999999
T000162,U0182,P041,136.95,2024-08-15,15,8,2024,0,0,False,False,False,True,False,False,4.926891300663295,11.70256382165891,1.6879215431917438,0.5987569736713321,Home,Vivaan Reddy,25.0,Patna,2024-08-29,29,8,2024,False,True,False,11,109.83833333333332,High,2.0,4,0.0,104.02,236.67,0.0,55.53,262.81,0.0,0.0
T000163,U0030,P026,51.15,2024-10-27,27,10,2024,0,0,False,True,False,False,False,False,3.9541241814467813,7.151922818375489,-0.38120762874538655,0.17886855241264554,Beauty,Aarohi Sharma,29.0,Hyderabad,2023-11-30,30,11,2023,False,False,True,9,118.80199999999999,High,2.0,33,168.95,176.11,0.0,102.74,0.0,146.21,0.0,0.0
T000164,U0044,P040,69.48,2025-01-11,11,1,2025,0,0,False,False,False,True,False,False,4.255328981627924,8.335466393669883,0.06083360344118242,0.268571987863365,Grocery,Aditya Nair,29.0,Patna,2023-07-22,22,7,2023,False,True,False,7,102.878,High,2.0,35,0.0,14.6,178.51000000000002,0.0,69.48,251.8,0.0,0.0
T000165,U0023,P028,82.61,2024-05-13,13,5,2024,0,0,False,True,False,False,False,False,4.426163130161966,9.089004345911603,0.3774730676315614,0.3328276402074973,Home,Myra Reddy,32.0,Ahmedabad,2022-09-10,10,9,2022,True,False,False,5,49.03,Medium,1.0,324,30.77,0.0,53.32,34.44,0.0,82.61,44.01,0.0
T000166,U0112,P038,42.92,2023-06-11,11,6,2023,0,0,False,False,False,True,False,False,3.7823697972012753,6.55133574166368,-0.5796800423239714,0.13859254184202802,Home,Meera Iyer,31.0,Bengaluru,2022-10-18,18,10,2022,False,False,True,5,59.4525,Low,0.0,334,57.24,48.86,0.0,0.0,33.24,98.47,0.0,0.0
T000167,U0102,P020,62.46,2024-11-26,26,11,2024,1,1,False,False,False,False,False,True,4.150409786155049,7.903163923391695,-0.1084587833536738,0.23421748066947246,Toys,Kiara Sharma,28.0,Vadodara,2023-12-05,5,12,2023,False,False,True,7,115.49000000000001,High,2.0,257,52.81,304.48,0.0,48.89,108.81,0.0,0.0,62.46
T000168,U0057,P022,55.01,2023-06-06,6,6,2023,0,0,False,False,True,False,False,False,4.025530246221741,7.416872656315463,-0.2881209317328303,0.1977586375648429,Electronics,Aarav Gupta,25.0,Pune,2023-02-21,21,2,2023,False,True,False,5,87.152,High,2.0,407,132.32,72.69,30.35,55.01,0.0,145.39,0.0,0.0
T000169,U0131,P041,57.89,2024-02-02,2,2,2024,0,0,False,True,False,False,False,False,4.07567129695648,7.608547824650904,-0.21866764484263287,0.21185279436233728,Home,Muhammad Mukherjee,19.0,Patna,2024-08-26,26,8,2024,True,False,False,5,73.65,Medium,1.0,101,61.67,0.0,37.83,0.0,0.0,57.89,146.23,64.63
T000170,U0199,P023,34.34,2023-10-30,30,10,2023,0,0,False,False,False,False,True,False,3.5650154668915506,5.860034129593445,-0.7865929595176844,0.09660369971615936,Books,Meera Roy,32.0,Ghaziabad,2022-02-10,10,2,2022,False,True,False,9,92.57285714285715,High,2.0,81,0.0,288.35,40.28,61.43,0.0,218.94,39.01,0.0
T000171,U0061,P007,55.41,2024-06-08,8,6,2024,0,0,False,False,True,False,False,False,4.032646447751885,7.443789357578571,-0.27847464188696963,0.19971615934227266,Books,Aarohi Joshi,28.0,Chennai,2022-10-31,31,10,2022,False,True,False,7,118.92999999999999,High,2.0,126,0.0,78.55,163.11,0.0,218.94,91.79,0.0,42.26
T000172,U0051,P012,73.61,2023-11-10,10,11,2023,0,0,True,False,False,False,False,False,4.312274546483423,8.579627031520658,0.16043154609969454,0.2887834002153274,Sports,Kiara Mehta,34.0,Indore,2023-04-24,24,4,2023,True,False,False,3,72.70333333333333,Low,0.0,213,0.0,0.0,0.0,0.0,144.5,0.0,73.61,0.0
T000173,U0195,P049,130.41,2023-06-04,4,6,2023,1,1,False,False,False,False,False,True,4.878322206655547,11.419719786404569,1.530204704211921,0.5667514926103553,Home,Ishaan Reddy,33.0,Delhi,2022-06-19,19,6,2022,False,True,False,5,118.4225,High,2.0,276,0.0,108.28,0.0,0.0,0.0,130.41,0.0,235.0
T000174,U0046,P050,97.08,2025-10-08,8,10,2025,1,1,False,False,False,False,False,True,4.585783472187901,9.85291834940288,0.726427602805574,0.40364099050601937,Toys,Vivaan Ghosh,26.0,Delhi,2024-05-30,30,5,2024,False,True,False,4,123.63,High,2.0,24,218.94,28.54,0.0,0.0,149.96,0.0,0.0,97.08
T000175,U0119,P049,198.72,2025-07-08,8,7,2025,0,0,True,False,False,False,False,False,5.296916385632408,14.096808149364877,3.1775498526387898,0.901047274150925,Home,Ira Roy,41.0,Vadodara,2022-09-13,13,9,2022,False,True,False,6,109.14833333333333,High,2.0,116,33.16,218.94,0.0,0.0,0.0,238.55,0.0,164.24
T000176,U0175,P037,34.45,2024-10-23,23,10,2024,1,1,False,False,False,False,False,True,3.5681232529781366,5.869412236331676,-0.7839402298100727,0.09714201820495254,Clothing,Muhammad Singh,34.0,Kanpur,2022-07-03,3,7,2022,False,True,False,6,79.61,Medium,1.0,257,0.0,0.0,121.2,74.53999999999999,0.0,21.46,0.0,101.24
T000177,U0161,P021,92.15,2025-06-19,19,6,2025,0,0,False,False,True,False,False,False,4.5342110970475975,9.599479152537391,0.6075370804553404,0.37951453459919743,Books,Aarav Joshi,24.0,Pune,2023-05-15,15,5,2023,True,False,False,5,59.246,Medium,1.0,20,89.47,134.08,0.0,0.0,0.0,0.0,40.76,31.92
T000178,U0018,P031,60.95,2024-09-12,12,9,2024,0,0,False,False,False,True,False,False,4.126327608075152,7.807048097712733,-0.14487352752179808,0.22682783595967504,Grocery,Sai Iyer,34.0,Nagpur,2022-10-04,4,10,2022,True,False,False,5,112.43599999999999,High,2.0,339,0.0,138.42,0.0,104.94,279.89,0.0,38.93,0.0
T000179,U0071,P038,203.14,2024-12-21,21,12,2024,0,0,False,True,False,False,False,False,5.318806032975353,14.252719038836062,3.2841413554355516,0.9226778897915239,Home,Kabir Roy,34.0,Bengaluru,2022-01-10,10,1,2022,True,False,False,9,82.455,High,2.0,315,156.49,36.11,0.0,52.49,29.53,299.53,85.49,0.0
T000180,U0130,P005,33.62,2025-08-03,3,8,2025,0,0,False,False,False,False,True,False,3.544431549748063,5.79827560572969,-0.8039562812402339,0.09308016051678573,Books,Anaya Kapoor,27.0,Indore,2022-03-05,5,3,2022,True,False,False,5,44.57,Low,0.0,9,0.0,33.62,0.0,91.47999999999999,0.0,53.18000000000001,0.0,0.0
T000181,U0116,P003,32.99,2025-01-25,25,1,2025,0,0,False,True,False,False,False,False,3.5260663637080247,5.7436921923097515,-0.8191491877474645,0.08999706371733386,Beauty,Aditya Roy,34.0,Patna,2022-07-19,19,7,2022,True,False,False,11,94.10666666666667,High,2.0,124,32.99,35.78,159.60999999999999,56.14,0.0,168.49,111.63,0.0
T000182,U0074,P005,38.11,2023-07-04,4,7,2023,1,1,False,False,False,False,False,True,3.666378188767423,6.17332973362026,-0.695676677720447,0.11505334246843495,Books,Diya Gupta,44.0,Kanpur,2022-10-19,19,10,2022,False,True,False,6,60.69333333333333,Medium,1.0,258,0.0,133.3,0.0,0.0,79.6,74.37,76.89,0.0
T000183,U0158,P039,15.27,2025-02-26,26,2,2025,0,0,True,False,False,False,False,False,2.7893229212309465,3.9076847365159844,-1.2464798279190958,0.0032788489771948676,Grocery,Saanvi Khan,35.0,Kolkata,2024-04-30,30,4,2024,True,False,False,5,85.5725,Medium,1.0,156,129.83,0.0,0.0,0.0,15.27,70.67,0.0,126.52000000000001
T000184,U0119,P038,39.83,2023-03-26,26,3,2023,0,0,True,False,False,False,False,False,3.709417105331484,6.311101330195863,-0.6541976313832457,0.12347068611138297,Home,Ira Roy,41.0,Vadodara,2022-09-13,13,9,2022,False,True,False,6,109.14833333333333,High,2.0,116,33.16,218.94,0.0,0.0,0.0,238.55,0.0,164.24
T000185,U0116,P037,34.62,2024-01-21,21,1,2024,1,1,False,False,False,False,False,True,3.5729072778615154,5.88387627334226,-0.779840556625582,0.09797396496036016,Clothing,Aditya Roy,34.0,Patna,2022-07-19,19,7,2022,True,False,False,11,94.10666666666667,High,2.0,124,32.99,35.78,159.60999999999999,56.14,0.0,168.49,111.63,0.0
T000186,U0083,P039,59.75,2025-10-23,23,10,2025,0,0,False,False,False,True,False,False,4.1067670822206574,7.729812416870153,-0.1738123970593804,0.22095527062738574,Grocery,Arjun Khan,43.0,Thane,2023-07-19,19,7,2023,False,True,False,8,59.12375,High,2.0,9,0.0,103.51,71.42,0.0,99.24000000000001,140.98,0.0,57.84
T000187,U0039,P004,67.02,2023-07-31,31,7,2023,0,0,False,False,False,True,False,False,4.21980177957905,8.18657437515839,0.0015089208891386182,0.25653322893217184,Toys,Meera Gupta,21.0,Ahmedabad,2022-05-12,12,5,2022,False,False,True,6,61.31,Medium,1.0,44,0.0,24.26,97.15,0.0,0.0,0.0,49.9,135.24
T000188,U0088,P046,168.29,2025-10-30,30,10,2025,0,0,False,True,False,False,False,False,5.131613220649158,12.972663566130127,2.4437083526149337,0.7521288049329549,Toys,Sai Patel,34.0,Vadodara,2024-06-24,24,6,2024,True,False,False,3,104.09666666666665,Medium,1.0,2,0.0,0.0,0.0,43.93,0.0,100.07,0.0,168.29
T000189,U0166,P012,96.57,2024-05-22,22,5,2024,0,0,False,True,False,False,False,False,4.580570069119859,9.82700361249552,0.7141285832521014,0.40114515023979636,Sports,Meera Roy,35.0,Bengaluru,2022-10-29,29,10,2022,False,True,False,5,83.738,High,2.0,192,0.0,132.34,0.0,0.0,0.0,189.78,96.57,0.0
T000190,U0182,P029,38.62,2023-11-22,22,11,2023,0,0,False,False,False,True,False,False,3.6793340412704048,6.214499175315739,-0.6833776581669745,0.1175491827346579,Clothing,Vivaan Reddy,25.0,Patna,2024-08-29,29,8,2024,False,True,False,11,109.83833333333332,High,2.0,4,0.0,104.02,236.67,0.0,55.53,262.81,0.0,0.0
T000191,U0094,P024,31.85,2025-03-04,4,3,2025,0,0,False,False,False,False,True,False,3.4919517449306197,5.643580423808985,-0.8466411138081676,0.084418126651659,Home,Kabir Ghosh,29.0,Mumbai,2023-11-07,7,11,2023,False,True,False,5,80.005,Medium,1.0,98,74.34,161.98,0.0,0.0,0.0,31.85,37.25,14.6
T000192,U0105,P050,73.34,2023-04-18,18,4,2023,0,0,False,False,False,False,True,False,4.308649164869106,8.563877626402657,0.15392030045373864,0.2874620730155623,Toys,Kabir Amin,30.0,Indore,2022-12-01,1,12,2022,True,False,False,6,98.976,High,2.0,175,202.88,0.0,0.0,0.0,134.56,0.0,84.1,73.34
T000193,U0162,P042,24.73,2023-05-15,15,5,2023,0,0,False,False,False,False,True,False,3.2476576262936527,4.972926703662543,-1.018345073064489,0.04957423901340903,Home,Muhammad Mehta,38.0,Lucknow,2022-10-14,14,10,2022,True,False,False,6,76.75,Medium,1.0,252,0.0,15.74,134.48,0.0,47.37,24.73,84.68,0.0
T000194,U0085,P007,163.84,2025-03-02,2,3,2025,0,0,True,False,False,False,False,False,5.1049753064706165,12.8,2.336393378079733,0.7303513751590487,Books,Arjun Kapoor,25.0,Kanpur,2023-08-20,20,8,2023,False,True,False,6,78.62,High,2.0,114,33.94,229.31,55.21,28.28,0.0,46.36,0.0,0.0
T000195,U0073,P017,110.79,2023-11-04,4,11,2023,1,1,False,False,False,False,False,True,4.716622111282234,10.5256828757093,1.0570541872724513,0.4707350494274249,Beauty,Aarohi Das,31.0,Jaipur,2022-05-16,16,5,2022,False,False,True,5,84.952,High,2.0,16,110.79,98.9,110.78,0.0,104.29,0.0,0.0,0.0
T000196,U0086,P006,41.2,2023-10-17,17,10,2023,0,0,True,False,False,False,False,False,3.742420221041966,6.418722614352485,-0.6211590886611725,0.13017519819907997,Clothing,Aarohi Reddy,27.0,Ahmedabad,2022-02-12,12,2,2022,True,False,False,4,116.38,Medium,1.0,24,0.0,74.37,41.2,0.0,125.12,108.45,0.0,0.0
T000197,U0090,P020,19.53,2025-03-13,13,3,2025,1,1,False,False,False,False,False,True,3.0218872310308424,4.419275958796871,-1.1437468410606786,0.02412645590682197,Toys,Sai Iyer,36.0,Indore,2022-01-26,26,1,2022,False,True,False,5,57.08,Medium,1.0,233,0.0,97.86,0.0,98.55,0.0,27.84,41.62,19.53
T000198,U0034,P039,123.02,2023-06-23,23,6,2023,1,1,False,False,False,False,False,True,4.820442842921731,11.091438139393826,1.3519894993096435,0.5305862777723402,Grocery,Vihaan Singh,23.0,Visakhapatnam,2023-09-16,16,9,2023,False,False,True,9,136.374,High,2.0,5,103.98,84.49,51.52,39.12,247.26999999999998,46.11,109.38,0.0
T000199,U0080,P036,50.97,2024-11-03,3,11,2024,0,0,False,False,False,True,False,False,3.9506666290203505,7.139327699440614,-0.38554845917602387,0.17798766761280221,Sports,Ishaan Amin,18.0,Jaipur,2024-07-16,16,7,2024,True,False,False,7,62.01285714285715,High,2.0,200,0.0,0.0,59.05,101.83,138.17,43.27,91.77,0.0
T000200,U0033,P043,114.74,2023-07-11,11,7,2023,1,1,False,False,False,False,False,True,4.751346296145693,10.711675872616759,1.152311299500326,0.49006557697954384,Home,Ishaan Amin,31.0,Visakhapatnam,2024-07-23,23,7,2024,False,True,False,7,100.446,High,2.0,271,0.0,134.43,111.84,0.0,0.0,147.03,51.74,57.19
T000201,U0166,P043,20.98,2025-01-11,11,1,2025,0,0,False,False,False,True,False,False,3.090132948975475,4.580392996239515,-1.1087790403694333,0.031222472350004887,Home,Meera Roy,35.0,Bengaluru,2022-10-29,29,10,2022,False,True,False,5,83.738,High,2.0,192,0.0,132.34,0.0,0.0,0.0,189.78,96.57,0.0
T000202,U0005,P024,38.11,2024-01-05,5,1,2024,0,0,False,False,False,False,True,False,3.666378188767423,6.17332973362026,-0.695676677720447,0.11505334246843495,Home,Sara Sharma,30.0,Chennai,2024-01-04,4,1,2024,False,False,True,6,57.94833333333333,Medium,1.0,132,103.03,68.07,48.34,0.0,0.0,128.25,0.0,0.0
T000203,U0055,P022,54.77,2024-01-29,29,1,2024,0,0,False,False,False,True,False,False,4.021236090401462,7.400675644831356,-0.29390870564034666,0.19658412449838503,Electronics,Ishaan Roy,40.0,Bengaluru,2023-03-30,30,3,2023,False,True,False,2,136.855,Medium,1.0,30,0.0,0.0,0.0,54.77,218.94,0.0,0.0,0.0
T000204,U0058,P009,56.16,2023-06-08,8,6,2023,0,0,False,False,True,False,False,False,4.045854353061666,7.493997598078078,-0.26038784842598073,0.2033865126749535,Clothing,Meera Joshi,29.0,Nagpur,2024-07-13,13,7,2024,False,True,False,4,52.6725,Low,0.0,183,0.0,39.71,56.16,0.0,53.39,61.43,0.0,0.0
T000205,U0076,P007,41.68,2023-03-19,19,3,2023,0,0,True,False,False,False,False,False,3.7537304264335525,6.456004956627589,-0.6095835408461397,0.13252422433199568,Books,Ira Sharma,38.0,Vadodara,2022-11-03,3,11,2022,False,False,True,7,83.45666666666666,High,2.0,19,0.0,240.39999999999998,60.89,59.75,86.16,0.0,53.54,0.0
T000206,U0170,P022,79.34,2023-09-26,26,9,2023,0,0,True,False,False,False,False,False,4.386267628931136,8.907300376657341,0.29861464814164984,0.3168248996770089,Electronics,Diya Roy,25.0,Surat,2022-09-15,15,9,2022,True,False,False,7,115.75166666666667,High,2.0,122,0.0,172.16,0.0,79.34,110.02,292.81,0.0,40.18
T000207,U0153,P025,28.77,2023-11-29,29,11,2023,0,0,False,False,True,False,False,False,3.393501175027685,5.3637673327615545,-0.9209175456212955,0.06934520896544973,Electronics,Diya Gupta,26.0,Lucknow,2022-01-13,13,1,2022,False,False,True,5,72.48,Medium,1.0,98,50.63,0.0,0.0,28.77,160.31,0.0,0.0,50.21
T000208,U0047,P045,50.13,2023-12-06,6,12,2023,0,0,True,False,False,False,False,False,3.934371409091908,7.0802542327235685,-0.40580566785233135,0.17387687188019968,Grocery,Anaya Gupta,28.0,Kolkata,2022-10-13,13,10,2022,False,False,True,4,54.31666666666666,Low,0.0,28,0.0,52.54,0.0,0.0,86.52000000000001,23.89,0.0,0.0
T000209,U0185,P029,58.68,2025-04-21,21,4,2025,0,0,False,True,False,False,False,False,4.088996955895506,7.660287200882223,-0.1996162223970579,0.21571889987276105,Clothing,Ira Bose,30.0,Thane,2022-11-01,1,11,2022,True,False,False,4,72.525,Medium,1.0,52,0.0,40.7,58.68,0.0,0.0,0.0,61.06,129.66
T000210,U0094,P044,74.34,2024-05-01,1,5,2024,1,1,False,False,False,False,False,True,4.322011202263895,8.62206471791995,0.1780360250683905,0.2923558774591367,Beauty,Kabir Ghosh,29.0,Mumbai,2023-11-07,7,11,2023,False,True,False,5,80.005,Medium,1.0,98,74.34,161.98,0.0,0.0,0.0,31.85,37.25,14.6
T000211,U0114,P040,83.68,2025-07-08,8,7,2025,0,0,False,False,False,False,True,False,4.4388794462666645,9.147677300823418,0.4032768929692391,0.33806401096212196,Grocery,Sai Singh,51.0,Chennai,2022-05-31,31,5,2022,False,True,False,7,121.62666666666667,Medium,1.0,43,29.56,126.61000000000001,0.0,41.06,83.68,83.97,0.0,0.0
T000212,U0060,P035,27.8,2024-09-25,25,9,2024,0,0,False,False,True,False,False,False,3.3603753871419,5.272570530585627,-0.9443097984975078,0.06459821865518255,Sports,Ishaan Roy,39.0,Indore,2023-12-15,15,12,2023,True,False,False,2,47.62,Low,0.0,402,0.0,0.0,0.0,0.0,67.44,0.0,27.8,0.0
T000213,U0121,P013,21.75,2025-06-21,21,6,2025,0,0,False,False,False,False,True,False,3.1245651453969594,4.663689526544408,-1.0902099324161516,0.034990701771557206,Beauty,Ira Kapoor,38.0,Lucknow,2024-08-30,30,8,2024,False,False,True,7,76.548,Medium,1.0,75,62.35,79.14,0.0,0.0,30.6,111.39,0.0,99.26
T000214,U0119,P050,117.52,2025-02-21,21,2,2025,0,0,False,False,False,False,True,False,4.775081722705364,10.840664186294122,1.2193530139290583,0.5036703533326808,Toys,Ira Roy,41.0,Vadodara,2022-09-13,13,9,2022,False,True,False,6,109.14833333333333,High,2.0,116,33.16,218.94,0.0,0.0,0.0,238.55,0.0,164.24
T000215,U0129,P034,66.65,2023-11-28,28,11,2023,0,0,False,False,False,True,False,False,4.214347354616797,8.163945124754331,-0.007413897218282342,0.25472252128804934,Books,Arjun Das,32.0,Indore,2023-02-22,22,2,2023,False,True,False,7,109.98,High,2.0,245,26.4,66.65,93.42,0.0,0.0,207.53,45.92,0.0
T000216,U0052,P039,34.84,2024-05-27,27,5,2024,0,0,False,False,True,False,False,False,3.57906458810673,5.902541825349482,-0.7745350972103585,0.09905060193794658,Grocery,Vivaan Patel,28.0,Nagpur,2024-01-16,16,1,2024,False,True,False,12,84.46777777777778,High,2.0,24,57.08,122.91999999999999,157.13,134.35,97.29,191.44,0.0,0.0
T000217,U0014,P042,138.48,2025-01-30,30,1,2025,0,0,False,False,False,True,False,False,4.93792122180745,11.76775254668452,1.7248186018521612,0.606244494470001,Home,Sai Singh,18.0,Kolkata,2024-06-06,6,6,2024,False,True,False,5,114.965,High,2.0,275,227.37,0.0,0.0,52.85,0.0,138.48,41.16,0.0
T000218,U0142,P007,58.52,2023-09-13,13,9,2023,1,1,False,False,False,False,False,True,4.086312390524837,7.649836599562111,-0.20347473833540214,0.21493589116178918,Books,Kiara Khan,42.0,Bhopal,2022-01-20,20,1,2022,False,True,False,7,98.89250000000001,High,2.0,46,0.0,58.52,53.38,82.19,0.0,125.42,0.0,76.06
T000219,U0073,P006,110.78,2024-07-12,12,7,2024,0,0,False,False,True,False,False,False,4.716532653841552,10.525207836427745,1.0568130300263048,0.47068611138298916,Clothing,Aarohi Das,31.0,Jaipur,2022-05-16,16,5,2022,False,False,True,5,84.952,High,2.0,16,110.79,98.9,110.78,0.0,104.29,0.0,0.0,0.0
T000220,U0116,P033,56.86,2025-06-14,14,6,2025,0,0,False,False,True,False,False,False,4.058026299547989,7.5405570086035425,-0.24350684119572433,0.20681217578545558,Clothing,Aditya Roy,34.0,Patna,2022-07-19,19,7,2022,True,False,False,11,94.10666666666667,High,2.0,124,32.99,35.78,159.60999999999999,56.14,0.0,168.49,111.63,0.0
T000221,U0024,P015,188.0,2024-12-16,16,12,2024,0,0,False,False,False,True,False,False,5.241747015059643,13.711309200802088,2.919029284769722,0.848585690515807,Books,Aarohi Kapoor,20.0,Patna,2023-03-15,15,3,2023,True,False,False,11,96.98142857142857,High,2.0,90,112.61,313.02,89.07000000000001,62.27,55.78,46.12,0.0,0.0
T000222,U0007,P027,156.52,2025-03-22,22,3,2025,0,0,False,True,False,False,False,False,5.05955243433087,12.51079533842673,2.1598662739004815,0.6945287266320839,Toys,Ishaan Sharma,44.0,Indore,2022-12-15,15,12,2022,False,True,False,5,85.938,High,2.0,13,0.0,0.0,47.02,47.71,141.4,37.04,0.0,156.52
T000223,U0129,P024,47.02,2025-03-01,1,3,2025,0,0,False,False,True,False,False,False,3.8716175907931074,6.857113095173507,-0.4808055714038987,0.1586571400606832,Home,Arjun Das,32.0,Indore,2023-02-22,22,2,2023,False,True,False,7,109.98,High,2.0,245,26.4,66.65,93.42,0.0,0.0,207.53,45.92,0.0
T000224,U0021,P024,97.8,2023-02-27,27,2,2023,0,0,False,False,True,False,False,False,4.593097604753822,9.889388252060893,0.7437909245281232,0.40716452970539296,Home,Ishaan Gupta,43.0,Patna,2024-06-16,16,6,2024,False,True,False,4,83.7875,Medium,1.0,473,117.85,119.5,0.0,0.0,0.0,97.8,0.0,0.0
T000225,U0082,P007,80.42,2024-11-17,17,11,2024,1,1,False,False,False,False,False,True,4.399620943074833,8.967719888578143,0.3246596307254738,0.3221102084760693,Books,Ishaan Verma,34.0,Lucknow,2024-02-29,29,2,2024,False,True,False,7,66.91666666666667,High,2.0,30,0.0,188.73000000000002,0.0,61.47,38.92,112.38,0.0,0.0
T000226,U0038,P009,124.11,2024-08-10,10,8,2024,0,0,False,True,False,False,False,False,4.829193350329309,11.140466776576284,1.378275639139614,0.5359205246158364,Clothing,Vivaan Ghosh,18.0,Bengaluru,2022-03-29,29,3,2022,False,False,True,4,95.24666666666667,Medium,1.0,192,33.85,69.62,124.11,0.0,0.0,0.0,0.0,58.16
T000227,U0121,P045,30.6,2025-08-18,18,8,2025,0,0,False,False,True,False,False,False,3.4531571205928664,5.531726674375733,-0.8767857695764825,0.07830087109719096,Grocery,Ira Kapoor,38.0,Lucknow,2024-08-30,30,8,2024,False,False,True,7,76.548,Medium,1.0,75,62.35,79.14,0.0,0.0,30.6,111.39,0.0,99.26
T000228,U0115,P040,82.4,2023-06-12,12,6,2023,0,0,False,True,False,False,False,False,4.423648309364701,9.077444574328174,0.37240876546248464,0.3317999412743467,Grocery,Aarav Verma,30.0,Bhopal,2023-09-18,18,9,2023,False,True,False,6,44.77333333333333,Medium,1.0,17,0.0,30.12,0.0,0.0,118.68,80.47,39.37,0.0
T000229,U0005,P017,103.03,2023-11-03,3,11,2023,0,0,False,False,True,False,False,False,4.644679319082804,10.15036945140422,0.8699161642627526,0.43275912694528723,Beauty,Sara Sharma,30.0,Chennai,2024-01-04,4,1,2024,False,False,True,6,57.94833333333333,Medium,1.0,132,103.03,68.07,48.34,0.0,0.0,128.25,0.0,0.0
T000230,U0141,P047,19.01,2025-05-16,16,5,2025,0,0,True,False,False,False,False,False,2.996232148595642,4.360045871318328,-1.1562870178602975,0.021581677596163265,Electronics,Anaya Nair,33.0,Jaipur,2024-02-10,10,2,2024,True,False,False,9,82.38166666666667,High,2.0,47,78.86,14.6,186.62,168.29999999999998,22.9,23.01,0.0,0.0
T000231,U0029,P050,26.84,2024-05-01,1,5,2024,0,0,False,False,False,False,True,False,3.326473835466219,5.180733538795447,-0.9674608941275734,0.05990016638935107,Toys,Sara Roy,27.0,Jaipur,2024-09-21,21,9,2024,False,False,True,3,70.53,Low,0.0,24,0.0,0.0,52.74,0.0,0.0,0.0,0.0,88.32
T000232,U0078,P008,16.06,2024-05-03,3,5,2024,0,0,False,True,False,False,False,False,2.836736542063533,4.007492981902775,-1.2274284054735207,0.007144954487618663,Books,Vihaan Kapoor,29.0,Jaipur,2022-10-16,16,10,2022,False,True,False,4,42.51,Low,0.0,375,0.0,16.06,0.0,75.44,0.0,40.99,0.0,37.55
T000233,U0108,P041,46.45,2025-07-25,25,7,2025,0,0,True,False,False,False,False,False,3.859676525055937,6.815423684555495,-0.49455153443425026,0.15586767152784575,Home,Saanvi Singh,33.0,Vadodara,2024-05-03,3,5,2024,True,False,False,6,75.902,Medium,1.0,99,108.77,48.7,0.0,57.17,52.21,112.66,0.0,0.0
T000234,U0017,P008,83.98,2023-02-03,3,2,2023,0,0,False,False,False,True,False,False,4.442415934686665,9.164060235506966,0.4105116103536346,0.3395321522951943,Books,Ishaan Gupta,23.0,Pune,2023-07-01,1,7,2023,False,False,True,5,91.42,Medium,1.0,55,0.0,83.98,55.29,53.77,0.0,0.0,22.39,150.25
T000235,U0162,P033,134.48,2024-05-10,10,5,2024,0,0,True,False,False,False,False,False,4.908824027949571,11.59655121145938,1.6283557033935538,0.5866692766957032,Clothing,Muhammad Mehta,38.0,Lucknow,2022-10-14,14,10,2022,True,False,False,6,76.75,Medium,1.0,252,0.0,15.74,134.48,0.0,47.37,24.73,84.68,0.0
T000236,U0184,P010,57.08,2025-05-29,29,5,2025,0,0,False,False,False,False,True,False,4.06182137051654,7.555130707009641,-0.23820138178050093,0.20788881276304194,Sports,Kiara Kulkarni,35.0,Ghaziabad,2022-08-20,20,8,2022,False,False,True,6,143.685,High,2.0,109,0.0,0.0,23.72,0.0,0.0,228.73,322.28999999999996,0.0
T000237,U0001,P040,145.06,2024-05-07,7,5,2024,0,0,False,False,False,False,True,False,4.984017496191964,12.044085685513865,1.883500069816571,0.6384457277087208,Grocery,Vihaan Sharma,35.0,Jaipur,2022-09-08,8,9,2022,False,False,True,3,77.47333333333334,Low,0.0,438,42.43,0.0,0.0,44.93,145.06,0.0,0.0,0.0
T000238,U0147,P027,23.85,2023-06-25,25,6,2023,0,0,False,False,True,False,False,False,3.2128577525426376,4.883646178829912,-1.0395669107253827,0.04526769110306353,Toys,Ishaan Mehta,22.0,Ghaziabad,2023-09-14,14,9,2023,False,True,False,12,75.10333333333334,High,2.0,7,40.02,257.28,32.85,103.53999999999999,77.19,141.2,0.0,23.85
T000239,U0135,P024,19.65,2023-02-11,11,2,2023,0,0,False,True,False,False,False,False,3.027715319407042,4.4328320518603,-1.1408529541069206,0.024713712440050883,Home,Ishaan Mukherjee,24.0,Mumbai,2023-02-03,3,2,2023,True,False,False,8,77.40666666666667,High,2.0,183,105.1,63.46,92.0,0.0,25.77,85.44999999999999,0.0,92.66
T000240,U0100,P031,52.81,2025-03-03,3,3,2025,0,0,False,True,False,False,False,False,3.9854593235013285,7.267048919609665,-0.34117552588506433,0.18699226778897915,Grocery,Anaya Mukherjee,30.0,Visakhapatnam,2022-04-29,29,4,2022,False,False,True,8,113.37,High,2.0,63,0.0,84.14,0.0,63.2,52.81,64.62,189.65,112.43
T000241,U0096,P017,68.75,2023-02-03,3,2,2023,1,1,False,False,False,False,False,True,4.244917420701475,8.2915619758885,0.04322912447248645,0.2649995106195556,Beauty,Aditya Khan,20.0,Visakhapatnam,2023-02-14,14,2,2023,True,False,False,6,102.89750000000001,High,2.0,46,108.61,0.0,0.0,58.3,200.99,0.0,0.0,43.69
T000242,U0092,P005,53.54,2024-05-08,8,5,2024,0,0,False,False,False,False,True,False,3.9989343774174424,7.3171032519706865,-0.32357104691636857,0.19056474503278847,Books,Reyansh Patel,39.0,Delhi,2024-05-29,29,5,2024,True,False,False,2,45.8,Low,0.0,542,0.0,53.54,38.06,0.0,0.0,0.0,0.0,0.0
T000243,U0188,P043,15.79,2023-08-01,1,8,2023,1,1,False,False,False,False,False,True,2.8207834710894493,3.9736632972611052,-1.2339396511194767,0.005823627287853572,Home,Muhammad Das,31.0,Bengaluru,2022-06-10,10,6,2022,True,False,False,8,81.32333333333334,High,2.0,242,0.0,49.1,222.48,0.0,0.0,142.34,74.02,0.0
T000244,U0198,P038,51.76,2024-11-11,11,11,2024,1,1,False,False,False,False,False,True,3.965753327849114,7.194442299441979,-0.3664970367304489,0.18185377312322598,Home,Kabir Bose,33.0,Visakhapatnam,2023-07-07,7,7,2023,True,False,False,3,80.575,Low,0.0,3,31.38,0.0,78.01,0.0,0.0,51.76,0.0,0.0
T000245,U0035,P003,24.96,2024-11-24,24,11,2024,0,0,False,False,False,False,True,False,3.2565568918358894,4.995998398718719,-1.012798456403119,0.05069981403543114,Beauty,Muhammad Reddy,38.0,Pune,2023-07-07,7,7,2023,True,False,False,5,64.02250000000001,Medium,1.0,98,24.96,122.17,66.89,0.0,0.0,42.07,0.0,0.0
T000246,U0165,P012,81.6,2025-08-09,9,8,2025,1,1,False,False,False,False,False,True,4.414009680526933,9.033271832508971,0.35311618577076287,0.3278848977194871,Sports,Aarohi Ghosh,39.0,Bhopal,2023-10-24,24,10,2023,False,False,True,3,126.62,Medium,1.0,84,0.0,105.99,0.0,0.0,0.0,65.65,81.6,0.0
T000247,U0179,P031,68.03,2024-01-09,9,1,2024,1,1,False,False,False,False,False,True,4.234541192715384,8.248030067840443,0.025865802749937133,0.26147597142018203,Grocery,Kabir Joshi,29.0,Thane,2022-12-15,15,12,2022,True,False,False,5,79.44500000000001,Medium,1.0,617,95.72,107.57000000000001,0.0,0.0,114.49000000000001,0.0,0.0,0.0
T000248,U0035,P005,31.06,2025-07-26,26,7,2025,1,1,False,False,False,False,False,True,3.467609147181407,5.573149917237109,-0.8656925362537425,0.08055202114123518,Books,Muhammad Reddy,38.0,Pune,2023-07-07,7,7,2023,True,False,False,5,64.02250000000001,Medium,1.0,98,24.96,122.17,66.89,0.0,0.0,42.07,0.0,0.0
T000249,U0010,P019,40.11,2023-03-31,31,3,2023,0,0,False,False,True,False,False,False,3.716251400909787,6.3332456134276045,-0.6474452284911432,0.12484095135558383,Home,Diya Kulkarni,36.0,Delhi,2024-01-18,18,1,2024,True,False,False,4,47.78,Low,0.0,210,53.81,0.0,0.0,0.0,22.48,40.11,74.72,0.0
T000250,U0052,P003,28.92,2024-09-27,27,9,2024,0,0,False,False,False,False,True,False,3.3985271531062766,5.377731863899501,-0.9173001869290975,0.07007927963198592,Beauty,Vivaan Patel,28.0,Nagpur,2024-01-16,16,1,2024,False,True,False,12,84.46777777777778,High,2.0,24,57.08,122.91999999999999,157.13,134.35,97.29,191.44,0.0,0.0
T000251,U0132,P026,52.58,2025-08-27,27,8,2025,0,0,True,False,False,False,False,False,3.9811758641164627,7.25120679611332,-0.34672214254643435,0.185866692766957,Beauty,Aarav Chopra,32.0,Bhopal,2022-01-07,7,1,2022,True,False,False,6,79.0025,Medium,1.0,66,52.58,0.0,120.87,20.06,0.0,57.95,0.0,64.55
T000252,U0065,P003,96.84,2024-01-27,27,1,2024,1,1,False,False,False,False,False,True,4.583333491378917,9.840731680114036,0.7206398288980577,0.40246647743956154,Beauty,Ira Gupta,38.0,Bengaluru,2023-09-02,2,9,2023,False,True,False,4,58.042500000000004,Low,0.0,20,166.07,24.31,41.79,0.0,0.0,0.0,0.0,0.0
T000253,U0074,P023,30.22,2024-11-10,10,11,2024,0,0,False,True,False,False,False,False,3.441058915087286,5.497272050753901,-0.8859497449300502,0.07644122540863267,Books,Diya Gupta,44.0,Kanpur,2022-10-19,19,10,2022,False,True,False,6,60.69333333333333,Medium,1.0,258,0.0,133.3,0.0,0.0,79.6,74.37,76.89,0.0
T000254,U0070,P008,73.88,2025-06-13,13,6,2025,0,0,False,False,False,False,True,False,4.315886832169337,8.59534757877772,0.16694279174565044,0.29010472741509247,Books,Anaya Ghosh,26.0,Nagpur,2022-05-15,15,5,2022,True,False,False,2,58.925,Low,0.0,141,43.97,73.88,0.0,0.0,0.0,0.0,0.0,0.0
T000255,U0103,P048,39.72,2025-03-02,2,3,2025,0,0,False,False,False,True,False,False,3.7067193722422673,6.302380502635492,-0.6568503610908575,0.12293236762258979,Clothing,Muhammad Mehta,29.0,Bengaluru,2024-08-29,29,8,2024,True,False,False,4,36.5125,Low,0.0,244,0.0,0.0,92.69999999999999,0.0,0.0,32.79,0.0,20.56
T000256,U0087,P012,33.93,2025-10-15,15,10,2025,0,0,False,False,False,True,False,False,3.5533460588187404,5.82494635168428,-0.7964804066096918,0.09459723989429382,Sports,Kabir Mehta,39.0,Kanpur,2022-08-04,4,8,2022,False,True,False,4,52.32333333333333,Low,0.0,17,0.0,45.02,0.0,0.0,0.0,57.87,54.08,0.0
T000257,U0095,P034,51.2,2023-06-19,19,6,2023,0,0,False,False,False,False,True,False,3.955082494888593,7.155417527999327,-0.38000184251465385,0.1791132426348243,Books,Muhammad Bose,28.0,Jaipur,2024-06-04,4,6,2024,True,False,False,6,69.31333333333333,High,2.0,223,77.82,51.2,14.6,160.25,0.0,112.00999999999999,0.0,0.0
T000258,U0187,P028,29.34,2025-05-31,31,5,2025,0,0,False,True,False,False,False,False,3.4124669739203863,5.416641025580336,-0.9071715825909438,0.07213467749828716,Home,Vivaan Kulkarni,35.0,Hyderabad,2024-08-28,28,8,2024,False,False,True,7,76.19800000000001,Medium,1.0,154,0.0,164.03,67.21,0.0,0.0,149.75,0.0,0.0
T000259,U0155,P012,39.17,2024-08-24,24,8,2024,0,0,True,False,False,False,False,False,3.693120448371191,6.258594091327541,-0.6701140096289159,0.12024077517862387,Sports,Diya Roy,34.0,Ahmedabad,2023-03-22,22,3,2023,False,False,True,5,53.04,Medium,1.0,223,0.0,0.0,0.0,0.0,51.47,78.89,39.17,95.67
T000260,U0083,P007,26.61,2024-11-02,2,11,2024,0,0,False,True,False,False,False,False,3.3181780259420632,5.158488150611572,-0.9730075107889434,0.058774591367328946,Books,Arjun Khan,43.0,Thane,2023-07-19,19,7,2023,False,True,False,8,59.12375,High,2.0,9,0.0,103.51,71.42,0.0,99.24000000000001,140.98,0.0,57.84
T000261,U0170,P019,177.48,2025-07-02,2,7,2025,0,0,False,False,False,False,True,False,5.184476550124277,13.32216198670471,2.665331861823584,0.797102867769404,Home,Diya Roy,25.0,Surat,2022-09-15,15,9,2022,True,False,False,7,115.75166666666667,High,2.0,122,0.0,172.16,0.0,79.34,110.02,292.81,0.0,40.18
T000262,U0155,P046,55.77,2023-12-08,8,12,2023,0,0,False,False,False,True,False,False,4.039008017182635,7.467931440499437,-0.26979298102569477,0.20147792894195948,Toys,Diya Roy,34.0,Ahmedabad,2023-03-22,22,3,2023,False,False,True,5,53.04,Medium,1.0,223,0.0,0.0,0.0,0.0,51.47,78.89,39.17,95.67
T000263,U0177,P029,35.88,2025-07-04,4,7,2025,0,0,False,False,False,False,True,False,3.607669398688393,5.989991652748775,-0.7494547436111205,0.10414015855926399,Clothing,Ishaan Verma,32.0,Vadodara,2022-10-27,27,10,2022,False,True,False,5,96.5125,High,2.0,10,0.0,0.0,252.76,25.77,0.0,38.34,0.0,69.18
T000264,U0011,P047,62.08,2025-06-09,9,6,2025,0,0,False,False,False,False,True,False,4.1444037620948375,7.879086241436884,-0.11762275870724158,0.23235783498091417,Electronics,Myra Kapoor,28.0,Nagpur,2022-03-22,22,3,2022,False,True,False,4,107.825,Low,0.0,144,0.0,0.0,0.0,62.08,0.0,153.57,0.0,0.0
T000265,U0071,P041,51.04,2023-06-03,3,6,2023,0,0,False,True,False,False,False,False,3.9520126536443043,7.1442284397967,-0.3838603584529982,0.1783302339238524,Home,Kabir Roy,34.0,Bengaluru,2022-01-10,10,1,2022,True,False,False,9,82.455,High,2.0,315,156.49,36.11,0.0,52.49,29.53,299.53,85.49,0.0
T000266,U0172,P041,47.82,2025-01-14,14,1,2025,0,0,False,False,False,True,False,False,3.888140064964814,6.915200647848188,-0.46151299171217725,0.1625721836155427,Home,Vihaan Kapoor,25.0,Pune,2022-07-16,16,7,2022,False,False,True,5,63.964,Medium,1.0,291,0.0,112.9,0.0,83.15,0.0,47.82,0.0,75.95
T000267,U0132,P048,78.93,2023-11-24,24,11,2023,1,1,False,False,False,False,False,True,4.381151251637927,8.884255736976508,0.28872720104964267,0.3148184398551434,Clothing,Aarav Chopra,32.0,Bhopal,2022-01-07,7,1,2022,True,False,False,6,79.0025,Medium,1.0,66,52.58,0.0,120.87,20.06,0.0,57.95,0.0,64.55
T000268,U0008,P010,86.01,2025-06-16,16,6,2025,0,0,True,False,False,False,False,False,4.466023054577933,9.274157643689264,0.4594665313213779,0.3494665753156504,Sports,Ishaan Reddy,38.0,Lucknow,2022-04-15,15,4,2022,False,True,False,3,52.05666666666667,Low,0.0,138,36.89,0.0,0.0,0.0,0.0,0.0,119.28,0.0
T000269,U0009,P009,39.71,2024-04-28,28,4,2024,0,0,False,True,False,False,False,False,3.7064737625148876,6.30158710167526,-0.6570915183370039,0.12288342957815405,Clothing,Aditya Bose,28.0,Kanpur,2024-05-17,17,5,2024,False,True,False,3,60.51666666666667,Low,0.0,322,0.0,0.0,142.42,0.0,39.13,0.0,0.0,0.0
T000270,U0200,P042,38.65,2025-01-11,11,1,2025,0,0,False,False,False,False,True,False,3.680090948080857,6.216912416947821,-0.6826541864285349,0.11769599686796516,Home,Kiara Nair,22.0,Jaipur,2022-01-27,27,1,2022,False,False,True,6,68.578,Medium,1.0,69,0.0,80.5,44.29,25.33,73.37,38.65,0.0,80.75
T000271,U0099,P037,46.29,2023-11-11,11,11,2023,0,0,False,True,False,False,False,False,3.8562988566557843,6.80367547726962,-0.4984100503725946,0.15508466281687383,Clothing,Vihaan Kulkarni,32.0,Kanpur,2024-01-17,17,1,2024,True,False,False,5,70.554,Medium,1.0,67,0.0,0.0,110.1,0.0,105.85,136.82,0.0,0.0
T000272,U0174,P029,14.6,2025-01-31,31,1,2025,0,0,False,False,False,False,True,False,2.747270914255491,3.82099463490856,-1.2626373634109125,0.0,Clothing,Ira Kulkarni,34.0,Hyderabad,2024-05-02,2,5,2024,True,False,False,7,50.82714285714285,Medium,1.0,39,48.04,100.94,14.6,0.0,52.3,23.15,116.76,0.0
T000273,U0114,P049,22.0,2023-10-09,9,10,2023,0,0,False,True,False,False,False,False,3.1354942159291497,4.69041575982343,-1.0841810012624886,0.03621415288245082,Home,Sai Singh,51.0,Chennai,2022-05-31,31,5,2022,False,True,False,7,121.62666666666667,Medium,1.0,43,29.56,126.61000000000001,0.0,41.06,83.68,83.97,0.0,0.0
T000274,U0136,P024,123.98,2024-10-05,5,10,2024,0,0,False,False,False,True,False,False,4.828153724500936,11.134630662936242,1.3751405949397095,0.5352843300381718,Home,Anaya Bose,44.0,Pune,2024-05-10,10,5,2024,False,False,True,5,86.9,Medium,1.0,240,0.0,92.16,54.93,0.0,37.57,162.94,0.0,0.0
T000275,U0167,P018,146.49,2023-08-21,21,8,2023,0,0,False,False,True,False,False,False,4.993760376871411,12.103305333668155,1.9179855560155232,0.6454438680630323,Electronics,Sai Bose,38.0,Kolkata,2022-11-10,10,11,2022,False,False,True,4,76.80250000000001,Medium,1.0,182,76.54,0.0,0.0,146.49,67.26,0.0,0.0,16.92
T000276,U0007,P048,47.02,2025-10-19,19,10,2025,0,0,False,False,True,False,False,False,3.8716175907931074,6.857113095173507,-0.4808055714038987,0.1586571400606832,Clothing,Ishaan Sharma,44.0,Indore,2022-12-15,15,12,2022,False,True,False,5,85.938,High,2.0,13,0.0,0.0,47.02,47.71,141.4,37.04,0.0,156.52
T000277,U0133,P025,77.16,2023-08-30,30,8,2023,0,0,True,False,False,False,False,False,4.358758007734528,8.784076502399099,0.24604236848170863,0.3061564059900166,Electronics,Diya Singh,23.0,Indore,2023-07-06,6,7,2023,True,False,False,5,112.7875,High,2.0,370,215.07,0.0,0.0,77.16,0.0,158.92000000000002,0.0,0.0
T000278,U0068,P050,65.81,2025-07-02,2,7,2025,0,0,False,False,False,False,True,False,4.2018527699373855,8.112336284942828,-0.027671105894589997,0.2506117255554468,Toys,Sara Gupta,40.0,Patna,2023-08-02,2,8,2023,True,False,False,4,106.16333333333334,Medium,1.0,122,0.0,0.0,0.0,0.0,0.0,111.3,0.0,207.19
T000279,U0055,P040,218.94,2025-10-02,2,10,2025,0,0,False,False,False,False,True,False,5.393354781882788,14.796621235944373,3.6651698043470513,1.0,Grocery,Ishaan Roy,40.0,Bengaluru,2023-03-30,30,3,2023,False,True,False,2,136.855,Medium,1.0,30,0.0,0.0,0.0,54.77,218.94,0.0,0.0,0.0
T000280,U0052,P008,106.88,2023-06-01,1,6,2023,0,0,False,False,True,False,False,False,4.681019498271529,10.338278386656068,0.9627617040291623,0.45160027405304876,Books,Vivaan Patel,28.0,Nagpur,2024-01-16,16,1,2024,False,True,False,12,84.46777777777778,High,2.0,24,57.08,122.91999999999999,157.13,134.35,97.29,191.44,0.0,0.0
T000281,U0116,P012,50.56,2025-06-30,30,6,2025,1,1,False,False,False,False,False,True,3.9427461780709865,7.110555533852471,-0.39543590626803105,0.17598120779093668,Sports,Aditya Roy,34.0,Patna,2022-07-19,19,7,2022,True,False,False,11,94.10666666666667,High,2.0,124,32.99,35.78,159.60999999999999,56.14,0.0,168.49,111.63,0.0
T000282,U0023,P044,30.77,2024-12-12,12,12,2024,0,0,False,False,False,False,True,False,3.4585224482814247,5.547071299343465,-0.8726860963919918,0.07913281785259861,Beauty,Myra Reddy,32.0,Ahmedabad,2022-09-10,10,9,2022,True,False,False,5,49.03,Medium,1.0,324,30.77,0.0,53.32,34.44,0.0,82.61,44.01,0.0
T000283,U0182,P005,20.82,2024-08-17,17,8,2024,0,0,True,False,False,False,False,False,3.0828269804049246,4.5628938186199335,-1.1126375563077777,0.03043946363903298,Books,Vivaan Reddy,25.0,Patna,2024-08-29,29,8,2024,False,True,False,11,109.83833333333332,High,2.0,4,0.0,104.02,236.67,0.0,55.53,262.81,0.0,0.0
T000284,U0077,P011,61.69,2023-12-23,23,12,2023,1,1,False,False,False,False,False,True,4.138201945285877,7.854298186343577,-0.12702789130695583,0.2304492512479201,Electronics,Vihaan Reddy,32.0,Hyderabad,2024-06-30,30,6,2024,True,False,False,6,52.965999999999994,Medium,1.0,49,36.49,0.0,0.0,61.69,19.57,104.96000000000001,0.0,42.12
T000285,U0093,P033,34.68,2023-09-06,6,9,2023,0,0,False,False,True,False,False,False,3.5745903077118086,5.888972745734183,-0.7783936131487028,0.09826759322697463,Clothing,Meera Ghosh,26.0,Thane,2022-12-25,25,12,2022,False,True,False,3,39.01666666666667,Low,0.0,474,0.0,0.0,34.68,0.0,0.0,0.0,56.2,26.17
T000286,U0052,P009,23.26,2025-10-08,8,10,2025,0,0,False,False,True,False,False,False,3.1888289035159043,4.822862220714998,-1.0537951882480272,0.04238034648135461,Clothing,Vivaan Patel,28.0,Nagpur,2024-01-16,16,1,2024,False,True,False,12,84.46777777777778,High,2.0,24,57.08,122.91999999999999,157.13,134.35,97.29,191.44,0.0,0.0
T000287,U0007,P024,37.04,2025-01-25,25,1,2025,0,0,True,False,False,False,False,False,3.6386382376771897,6.086049621881176,-0.7214805030581244,0.10981697171381032,Home,Ishaan Sharma,44.0,Indore,2022-12-15,15,12,2022,False,True,False,5,85.938,High,2.0,13,0.0,0.0,47.02,47.71,141.4,37.04,0.0,156.52
T000288,U0120,P036,28.53,2023-06-26,26,6,2023,0,0,False,False,True,False,False,False,3.3854066957558313,5.341348144429457,-0.9267053195288119,0.06817069589899187,Sports,Vihaan Roy,38.0,Thane,2023-11-15,15,11,2023,False,True,False,4,60.0675,Low,0.0,74,0.0,134.23000000000002,0.0,0.0,0.0,77.51,28.53,0.0
T000289,U0017,P020,150.25,2025-09-07,7,9,2025,0,0,False,False,False,True,False,False,5.018934096910951,12.257650672131263,2.008660680566614,0.6638445727708722,Toys,Ishaan Gupta,23.0,Pune,2023-07-01,1,7,2023,False,False,True,5,91.42,Medium,1.0,55,0.0,83.98,55.29,53.77,0.0,0.0,22.39,150.25
T000290,U0135,P027,92.66,2023-06-01,1,6,2023,0,0,False,False,False,True,False,False,4.539671203755396,9.626006440887103,0.6198361000088126,0.38201037486542033,Toys,Ishaan Mukherjee,24.0,Mumbai,2023-02-03,3,2,2023,True,False,False,8,77.40666666666667,High,2.0,183,105.1,63.46,92.0,0.0,25.77,85.44999999999999,0.0,92.66
T000291,U0033,P021,54.34,2023-06-01,1,6,2023,1,1,False,False,False,False,False,True,4.01349597435878,7.371566997592846,-0.30427846722464696,0.19447978858764803,Books,Ishaan Amin,31.0,Visakhapatnam,2024-07-23,23,7,2024,False,True,False,7,100.446,High,2.0,271,0.0,134.43,111.84,0.0,0.0,147.03,51.74,57.19
T000292,U0116,P030,132.68,2024-12-06,6,12,2024,1,1,False,False,False,False,False,True,4.895448884287139,11.518680479985544,1.5849473990871807,0.5778604286972694,Home,Aditya Roy,34.0,Patna,2022-07-19,19,7,2022,True,False,False,11,94.10666666666667,High,2.0,124,32.99,35.78,159.60999999999999,56.14,0.0,168.49,111.63,0.0
T000293,U0033,P050,57.19,2024-01-08,8,1,2024,0,0,True,False,False,False,False,False,4.063713518668578,7.5624070242218515,-0.23554865207288925,0.20842713125183515,Toys,Ishaan Amin,31.0,Visakhapatnam,2024-07-23,23,7,2024,False,True,False,7,100.446,High,2.0,271,0.0,134.43,111.84,0.0,0.0,147.03,51.74,57.19
T000294,U0197,P009,32.56,2025-10-26,26,10,2025,0,0,False,False,False,True,False,False,3.5133348815990053,5.706137047074843,-0.8295189493317647,0.08789272780659686,Clothing,Kabir Roy,24.0,Thane,2023-12-07,7,12,2023,False,True,False,4,81.47333333333334,Low,0.0,6,0.0,0.0,171.97,0.0,0.0,0.0,0.0,72.45
T000295,U0015,P008,136.17,2023-11-10,10,11,2023,0,0,True,False,False,False,False,False,4.921221032490315,11.669190203266034,1.6691112779923154,0.594939806205344,Books,Vihaan Bose,18.0,Thane,2023-10-13,13,10,2023,True,False,False,5,110.2625,High,2.0,146,0.0,350.07,0.0,0.0,43.71,47.27,0.0,0.0
T000296,U0078,P011,75.44,2024-10-22,22,10,2024,0,0,False,False,True,False,False,False,4.336506119372072,8.685620300243386,0.20456332214450743,0.2977390623470686,Electronics,Vihaan Kapoor,29.0,Jaipur,2022-10-16,16,10,2022,False,True,False,4,42.51,Low,0.0,375,0.0,16.06,0.0,75.44,0.0,40.99,0.0,37.55
T000297,U0182,P015,29.3,2024-08-04,4,8,2024,0,0,False,False,False,False,True,False,3.4111477125153233,5.412947441089743,-0.90813621157553,0.0719389253205442,Books,Vivaan Reddy,25.0,Patna,2024-08-29,29,8,2024,False,True,False,11,109.83833333333332,High,2.0,4,0.0,104.02,236.67,0.0,55.53,262.81,0.0,0.0
T000298,U0021,P017,48.71,2024-07-16,16,7,2024,0,0,False,False,True,False,False,False,3.906206120106581,6.979254974565695,-0.44004999680513707,0.16692766957032396,Beauty,Ishaan Gupta,43.0,Patna,2024-06-16,16,6,2024,False,True,False,4,83.7875,Medium,1.0,473,117.85,119.5,0.0,0.0,0.0,97.8,0.0,0.0
T000299,U0033,P041,32.29,2023-07-11,11,7,2023,0,0,False,False,False,False,True,False,3.5052570515869337,5.682429058070149,-0.8360301949777208,0.08657140060683176,Home,Ishaan Amin,31.0,Visakhapatnam,2024-07-23,23,7,2024,False,True,False,7,100.446,High,2.0,271,0.0,134.43,111.84,0.0,0.0,147.03,51.74,57.19
T000300,U0129,P042,23.82,2023-11-12,12,11,2023,0,0,False,False,True,False,False,False,3.211649779776461,4.880573736764972,-1.040290382463822,0.04512087696975629,Home,Arjun Das,32.0,Indore,2023-02-22,22,2,2023,False,True,False,7,109.98,High,2.0,245,26.4,66.65,93.42,0.0,0.0,207.53,45.92,0.0
T000301,U0044,P043,95.17,2024-11-22,22,11,2024,0,0,True,False,False,False,False,False,4.56611745872439,9.755511262870849,0.680366568791589,0.3942938240187922,Home,Aditya Nair,29.0,Patna,2023-07-22,22,7,2023,False,True,False,7,102.878,High,2.0,35,0.0,14.6,178.51000000000002,0.0,69.48,251.8,0.0,0.0
T000302,U0145,P003,171.68,2023-06-16,16,6,2023,0,0,False,True,False,False,False,False,5.151440170687277,13.10267148332736,2.525460659058604,0.7687188019966723,Beauty,Aarav Kulkarni,34.0,Kolkata,2022-05-10,10,5,2022,False,True,False,8,77.6557142857143,High,2.0,217,296.62,141.0,70.65,0.0,0.0,35.32,0.0,0.0
T000303,U0012,P042,23.59,2024-06-26,26,6,2024,0,0,True,False,False,False,False,False,3.202339856228101,4.856953777832357,-1.0458369991251921,0.04399530194773417,Home,Aarohi Singh,28.0,Ghaziabad,2024-06-25,25,6,2024,False,False,True,8,122.76199999999999,High,2.0,27,49.85,185.72,0.0,215.85,54.06,23.59,0.0,84.74
T000304,U0167,P014,76.54,2025-05-03,3,5,2025,0,0,True,False,False,False,False,False,4.350793932242783,8.748714191239761,0.23109061922062468,0.30312224723500053,Beauty,Sai Bose,38.0,Kolkata,2022-11-10,10,11,2022,False,False,True,4,76.80250000000001,Medium,1.0,182,76.54,0.0,0.0,146.49,67.26,0.0,0.0,16.92
T000305,U0159,P041,36.95,2025-10-16,16,10,2025,0,0,False,True,False,False,False,False,3.636269503841639,6.078651166171653,-0.7236509182734431,0.10937652931388862,Home,Aditya Khan,22.0,Kolkata,2024-02-08,8,2,2024,True,False,False,3,150.3,Medium,1.0,16,195.06,0.0,0.0,0.0,0.0,36.95,0.0,68.59
T000306,U0161,P035,40.76,2024-09-10,10,9,2024,0,0,False,False,False,False,True,False,3.731938943574383,6.384355879804947,-0.6317700074916195,0.12802192424390718,Sports,Aarav Joshi,24.0,Pune,2023-05-15,15,5,2023,True,False,False,5,59.246,Medium,1.0,20,89.47,134.08,0.0,0.0,0.0,0.0,40.76,31.92
T000307,U0124,P016,38.27,2025-04-11,11,4,2025,1,1,False,False,False,False,False,True,3.6704608685899185,6.1862751312886175,-0.6918181617821025,0.1158363511794069,Books,Ishaan Ghosh,20.0,Jaipur,2024-02-24,24,2,2024,False,False,True,3,97.11000000000001,Low,0.0,204,0.0,194.22000000000003,0.0,0.0,0.0,0.0,0.0,0.0
T000308,U0077,P030,32.51,2023-05-03,3,5,2023,0,0,False,True,False,False,False,False,3.511843901749219,5.701754116059373,-0.8307247355624975,0.08764803758441812,Home,Vihaan Reddy,32.0,Hyderabad,2024-06-30,30,6,2024,True,False,False,6,52.965999999999994,Medium,1.0,49,36.49,0.0,0.0,61.69,19.57,104.96000000000001,0.0,42.12
T000309,U0041,P029,56.21,2025-09-18,18,9,2025,0,0,False,False,False,True,False,False,4.046728708280438,7.4973328590906245,-0.25918206219524803,0.2036312028971322,Clothing,Sara Mukherjee,37.0,Vadodara,2024-02-13,13,2,2024,False,True,False,5,96.9475,High,2.0,44,0.0,224.42000000000002,56.21,43.92,0.0,63.24,0.0,0.0
T000310,U0119,P014,33.16,2023-10-22,22,10,2023,0,0,False,False,False,False,True,False,3.531055368920369,5.758472019555187,-0.8150495145629738,0.09082901047274149,Beauty,Ira Roy,41.0,Vadodara,2022-09-13,13,9,2022,False,True,False,6,109.14833333333333,High,2.0,116,33.16,218.94,0.0,0.0,0.0,238.55,0.0,164.24
T000311,U0081,P046,64.22,2024-12-08,8,12,2024,0,0,False,False,False,False,True,False,4.177766170361173,8.013738203859669,-0.06601510803188655,0.24283057649016343,Toys,Vivaan Gupta,30.0,Indore,2024-04-29,29,4,2024,False,False,True,6,67.86800000000001,Medium,1.0,207,0.0,0.0,74.56,0.0,0.0,86.89,63.6,114.28999999999999
T000312,U0103,P009,52.98,2023-08-06,6,8,2023,0,0,False,False,False,False,True,False,3.9886136075898584,7.2787361540311375,-0.33707585270057366,0.1878242145443868,Clothing,Muhammad Mehta,29.0,Bengaluru,2024-08-29,29,8,2024,True,False,False,4,36.5125,Low,0.0,244,0.0,0.0,92.69999999999999,0.0,0.0,32.79,0.0,20.56
T000313,U0082,P016,47.31,2023-09-08,8,9,2023,0,0,False,False,False,True,False,False,3.8776385785663154,6.878226515607057,-0.47381201126564965,0.16007634334931975,Books,Ishaan Verma,34.0,Lucknow,2024-02-29,29,2,2024,False,True,False,7,66.91666666666667,High,2.0,30,0.0,188.73000000000002,0.0,61.47,38.92,112.38,0.0,0.0
T000314,U0069,P029,31.67,2023-10-16,16,10,2023,0,0,False,False,True,False,False,False,3.4864572256129787,5.6276105053566035,-0.8509819442388049,0.08353724185181562,Clothing,Ira Nair,34.0,Chennai,2023-11-17,17,11,2023,True,False,False,6,92.42,High,2.0,720,0.0,52.76,108.65,0.0,0.0,92.78,207.91,0.0
T000315,U0025,P004,38.63,2025-02-25,25,2,2025,0,0,False,False,False,False,True,False,3.679586407202344,6.215303693304134,-0.6831365009208279,0.11759812077909369,Toys,Saanvi Bose,27.0,Kolkata,2022-05-22,22,5,2022,True,False,False,6,93.3625,Medium,1.0,30,0.0,0.0,99.75,0.0,0.0,187.25,0.0,86.45
T000316,U0158,P027,85.9,2023-11-24,24,11,2023,0,0,False,False,True,False,False,False,4.464758032271346,9.268225288586807,0.4568138016137662,0.34892825682685724,Toys,Saanvi Khan,35.0,Kolkata,2024-04-30,30,4,2024,True,False,False,5,85.5725,Medium,1.0,156,129.83,0.0,0.0,0.0,15.27,70.67,0.0,126.52000000000001
T000317,U0084,P037,73.74,2024-10-02,2,10,2024,1,1,False,False,False,False,False,True,4.314015424057338,8.5871997764114,0.16356659029959916,0.28941959479299206,Clothing,Kiara Kapoor,27.0,Hyderabad,2022-03-19,19,3,2022,False,True,False,4,61.123333333333335,Low,0.0,17,0.0,53.98,96.81,0.0,32.58,0.0,0.0,0.0
T000318,U0049,P049,30.37,2025-10-17,17,10,2025,0,0,False,False,True,False,False,False,3.445852022202587,5.510898293381942,-0.8823323862378523,0.07717529607516883,Home,Saanvi Chopra,34.0,Kolkata,2024-03-14,14,3,2024,True,False,False,5,130.0,High,2.0,15,0.0,100.84,0.0,142.01,41.13,30.37,75.65,0.0
T000319,U0132,P030,57.95,2024-09-23,23,9,2024,0,0,False,False,False,True,False,False,4.07668962698338,7.612489737267302,-0.2172207013657537,0.21214642262895173,Home,Aarav Chopra,32.0,Bhopal,2022-01-07,7,1,2022,True,False,False,6,79.0025,Medium,1.0,66,52.58,0.0,120.87,20.06,0.0,57.95,0.0,64.55
T000320,U0128,P002,85.7,2025-03-16,16,3,2025,0,0,False,True,False,False,False,False,4.462453883786496,9.257429448826494,0.45199065669083577,0.34794949593814234,Grocery,Arjun Reddy,27.0,Nagpur,2023-12-12,12,12,2023,False,True,False,4,56.245000000000005,Low,0.0,162,0.0,0.0,0.0,0.0,154.17000000000002,35.21,35.6,0.0
T000321,U0130,P030,20.05,2024-03-16,16,3,2024,0,0,False,False,True,False,False,False,3.0469005601283903,4.4777226354476225,-1.1312066642610599,0.026671234217480674,Home,Anaya Kapoor,27.0,Indore,2022-03-05,5,3,2022,True,False,False,5,44.57,Low,0.0,9,0.0,33.62,0.0,91.47999999999999,0.0,53.18000000000001,0.0,0.0
T000322,U0150,P023,75.64,2023-04-14,14,4,2023,0,0,False,True,False,False,False,False,4.339119133662605,8.69712596206356,0.20938646706743788,0.2987178232357835,Books,Muhammad Gupta,34.0,Kolkata,2022-04-15,15,4,2022,False,False,True,9,76.415,High,2.0,91,25.34,139.48000000000002,30.15,58.45,0.0,84.41,101.44,19.22
T000323,U0073,P032,36.69,2025-08-21,21,8,2025,0,0,True,False,False,False,False,False,3.629394807279044,6.057227088363123,-0.7299210066732527,0.10810414015855925,Books,Aarohi Das,31.0,Jaipur,2022-05-16,16,5,2022,False,False,True,5,84.952,High,2.0,16,110.79,98.9,110.78,0.0,104.29,0.0,0.0,0.0
T000324,U0074,P035,76.89,2023-08-09,9,8,2023,0,0,False,True,False,False,False,False,4.355297574931857,8.768694315575154,0.2395311228357527,0.3048350787902515,Sports,Diya Gupta,44.0,Kanpur,2022-10-19,19,10,2022,False,True,False,6,60.69333333333333,Medium,1.0,258,0.0,133.3,0.0,0.0,79.6,74.37,76.89,0.0
T000325,U0111,P009,34.54,2025-01-19,19,1,2025,0,0,False,False,False,False,True,False,3.570658822726505,5.877074101966046,-0.7817698145947541,0.09758246060487423,Clothing,Myra Roy,18.0,Chennai,2023-06-08,8,6,2023,False,False,True,3,43.57,Low,0.0,188,0.0,0.0,85.03999999999999,0.0,0.0,45.67,0.0,0.0
T000326,U0196,P026,18.49,2023-04-03,3,4,2023,0,0,False,False,False,False,True,False,2.9699015135194693,4.3,-1.1688271946599167,0.019036899285504547,Beauty,Kabir Kulkarni,35.0,Patna,2024-08-01,1,8,2024,False,False,True,7,103.83,High,2.0,72,94.92999999999999,196.74,0.0,0.0,226.74,104.57,0.0,0.0
T000327,U0103,P004,20.56,2024-02-03,3,2,2024,0,0,True,False,False,False,False,False,3.070839746040796,4.534313619501853,-1.1189076447075872,0.02916707448370362,Toys,Muhammad Mehta,29.0,Bengaluru,2024-08-29,29,8,2024,True,False,False,4,36.5125,Low,0.0,244,0.0,0.0,92.69999999999999,0.0,0.0,32.79,0.0,20.56
T000328,U0093,P036,56.2,2023-05-31,31,5,2023,0,0,False,False,False,False,True,False,4.046553898385752,7.496665925596525,-0.25942321944139446,0.20358226485269648,Sports,Meera Ghosh,26.0,Thane,2022-12-25,25,12,2022,False,True,False,3,39.01666666666667,Low,0.0,474,0.0,0.0,34.68,0.0,0.0,0.0,56.2,26.17
T000329,U0099,P033,63.81,2024-07-26,26,7,2024,0,0,False,False,False,True,False,False,4.171459912439625,7.988116173416609,-0.07590255512389374,0.24082411666829795,Clothing,Vihaan Kulkarni,32.0,Kanpur,2024-01-17,17,1,2024,True,False,False,5,70.554,Medium,1.0,67,0.0,0.0,110.1,0.0,105.85,136.82,0.0,0.0
T000330,U0160,P044,31.73,2023-09-01,1,9,2023,0,0,True,False,False,False,False,False,3.4882920885130893,5.632938842203065,-0.8495350007619258,0.08383087011843006,Beauty,Myra Chopra,37.0,Nagpur,2022-12-11,11,12,2022,False,False,True,3,101.74499999999999,Low,0.0,130,31.73,0.0,0.0,0.0,91.05,80.71,0.0,0.0
T000331,U0033,P007,80.09,2025-02-03,3,2,2025,0,0,False,False,False,True,False,False,4.395559648956466,8.94930164873215,0.31670144160263874,0.32049525300968973,Books,Ishaan Amin,31.0,Visakhapatnam,2024-07-23,23,7,2024,False,True,False,7,100.446,High,2.0,271,0.0,134.43,111.84,0.0,0.0,147.03,51.74,57.19
T000332,U0087,P036,20.15,2023-10-23,23,10,2023,0,0,False,False,False,False,True,False,3.0516399054922867,4.488875137492688,-1.1287950917995946,0.027160614661838098,Sports,Kabir Mehta,39.0,Kanpur,2022-08-04,4,8,2022,False,True,False,4,52.32333333333333,Low,0.0,17,0.0,45.02,0.0,0.0,0.0,57.87,54.08,0.0
T000333,U0051,P039,52.48,2025-04-02,2,4,2025,0,0,True,False,False,False,False,False,3.9793077522337423,7.244308110509933,-0.3491337150078996,0.18537731232259957,Grocery,Kiara Mehta,34.0,Indore,2023-04-24,24,4,2023,True,False,False,3,72.70333333333333,Low,0.0,213,0.0,0.0,0.0,0.0,144.5,0.0,73.61,0.0
T000334,U0129,P003,26.4,2023-03-21,21,3,2023,0,0,False,True,False,False,False,False,3.3105430133940246,5.138093031466052,-0.9780718129580204,0.05774689243417831,Beauty,Arjun Das,32.0,Indore,2023-02-22,22,2,2023,False,True,False,7,109.98,High,2.0,245,26.4,66.65,93.42,0.0,0.0,207.53,45.92,0.0
T000335,U0036,P046,36.93,2025-08-28,28,8,2025,0,0,False,False,False,False,True,False,3.6357423557008075,6.0770058416953985,-0.7241332327657362,0.10927865322501713,Toys,Ira Sharma,22.0,Lucknow,2023-05-16,16,5,2023,False,False,True,5,48.7025,Low,0.0,65,0.0,16.07,0.0,0.0,89.86,27.45,24.5,36.93
T000336,U0133,P030,56.17,2023-10-14,14,10,2023,0,0,False,False,True,False,False,False,4.04602928527588,7.494664769020694,-0.2601466911798341,0.20343545071938923,Home,Diya Singh,23.0,Indore,2023-07-06,6,7,2023,True,False,False,5,112.7875,High,2.0,370,215.07,0.0,0.0,77.16,0.0,158.92000000000002,0.0,0.0
T000337,U0084,P040,32.58,2023-11-29,29,11,2023,0,0,False,False,False,False,True,False,3.5139306516493947,5.707889277132134,-0.8290366348394718,0.08799060389546833,Grocery,Kiara Kapoor,27.0,Hyderabad,2022-03-19,19,3,2022,False,True,False,4,61.123333333333335,Low,0.0,17,0.0,53.98,96.81,0.0,32.58,0.0,0.0,0.0
T000338,U0101,P040,43.35,2024-09-04,4,9,2024,1,1,False,False,False,False,False,True,3.7921127087555884,6.5840716885526085,-0.569310280739671,0.14069687775276501,Grocery,Aadhya Chopra,20.0,Jaipur,2022-02-15,15,2,2022,False,True,False,2,32.67,Low,0.0,423,0.0,0.0,0.0,0.0,43.35,21.99,0.0,0.0
T000339,U0152,P022,99.86,2025-09-30,30,9,2025,0,0,True,False,False,False,False,False,4.6137334166485795,9.992997548283498,0.7934693172343062,0.4172457668591563,Electronics,Vivaan Mehta,34.0,Indore,2023-11-09,9,11,2023,False,False,True,4,59.41,Low,0.0,32,0.0,21.86,0.0,179.73000000000002,36.05,0.0,0.0,0.0
T000340,U0182,P037,38.62,2025-08-30,30,8,2025,0,0,False,False,False,False,True,False,3.6793340412704048,6.214499175315739,-0.6833776581669745,0.1175491827346579,Clothing,Vivaan Reddy,25.0,Patna,2024-08-29,29,8,2024,False,True,False,11,109.83833333333332,High,2.0,4,0.0,104.02,236.67,0.0,55.53,262.81,0.0,0.0
T000341,U0005,P024,90.14,2023-08-13,13,8,2023,0,0,False,False,False,False,True,False,4.512396785835737,9.494208761134336,0.55906447397989,0.3696779876676128,Home,Sara Sharma,30.0,Chennai,2024-01-04,4,1,2024,False,False,True,6,57.94833333333333,Medium,1.0,132,103.03,68.07,48.34,0.0,0.0,128.25,0.0,0.0
T000342,U0107,P038,27.72,2023-02-24,24,2,2023,0,0,False,False,False,False,True,False,3.3575937441800234,5.264978632435273,-0.9462390564666799,0.06420671429969659,Home,Kiara Bose,47.0,Pune,2023-09-23,23,9,2023,False,False,True,7,60.336,Medium,1.0,33,0.0,0.0,29.26,23.47,150.88,75.91,22.16,0.0
T000343,U0153,P031,75.03,2024-04-11,11,4,2024,0,0,False,False,False,False,True,False,4.331127999240345,8.661985915481507,0.19467587505250025,0.2957326025252031,Grocery,Diya Gupta,26.0,Lucknow,2022-01-13,13,1,2022,False,False,True,5,72.48,Medium,1.0,98,50.63,0.0,0.0,28.77,160.31,0.0,0.0,50.21
T000344,U0185,P004,129.66,2025-09-10,10,9,2025,0,0,True,False,False,False,False,False,4.872598529412604,11.386834503056589,1.512117910750932,0.5630811392776744,Toys,Ira Bose,30.0,Thane,2022-11-01,1,11,2022,True,False,False,4,72.525,Medium,1.0,52,0.0,40.7,58.68,0.0,0.0,0.0,61.06,129.66
T000345,U0044,P034,14.6,2025-02-17,17,2,2025,1,1,False,False,False,False,False,True,2.747270914255491,3.82099463490856,-1.2626373634109125,0.0,Books,Aditya Nair,29.0,Patna,2023-07-22,22,7,2023,False,True,False,7,102.878,High,2.0,35,0.0,14.6,178.51000000000002,0.0,69.48,251.8,0.0,0.0
T000346,U0038,P044,33.85,2023-03-06,6,3,2023,0,0,False,False,True,False,False,False,3.551053137206533,5.818075283115543,-0.7984096645788639,0.09420573553880789,Beauty,Vivaan Ghosh,18.0,Bengaluru,2022-03-29,29,3,2022,False,False,True,4,95.24666666666667,Medium,1.0,192,33.85,69.62,124.11,0.0,0.0,0.0,0.0,58.16
T000347,U0147,P045,77.19,2024-01-26,26,1,2024,0,0,False,True,False,False,False,False,4.359141762136423,8.78578397184907,0.2467658402201482,0.30630322012332384,Grocery,Ishaan Mehta,22.0,Ghaziabad,2023-09-14,14,9,2023,False,True,False,12,75.10333333333334,High,2.0,7,40.02,257.28,32.85,103.53999999999999,77.19,141.2,0.0,23.85
T000348,U0005,P029,48.34,2025-05-07,7,5,2025,0,0,False,False,False,False,True,False,3.8987351111012107,6.952697318307479,-0.4489728149125582,0.16511696192620146,Clothing,Sara Sharma,30.0,Chennai,2024-01-04,4,1,2024,False,False,True,6,57.94833333333333,Medium,1.0,132,103.03,68.07,48.34,0.0,0.0,128.25,0.0,0.0
T000349,U0039,P027,68.22,2024-02-22,22,2,2024,1,1,False,False,False,False,False,True,4.237289838207198,8.259539938761723,0.030447790426720935,0.2624057942644612,Toys,Meera Gupta,21.0,Ahmedabad,2022-05-12,12,5,2022,False,False,True,6,61.31,Medium,1.0,44,0.0,24.26,97.15,0.0,0.0,0.0,49.9,135.24
T000350,U0106,P033,38.0,2025-08-23,23,8,2025,0,0,True,False,False,False,False,False,3.6635616461296463,6.164414002968976,-0.6983294074280586,0.11451502397964176,Clothing,Aadhya Singh,35.0,Ahmedabad,2022-07-16,16,7,2022,False,False,True,5,50.555,Low,0.0,68,0.0,0.0,38.0,44.22,48.02,0.0,0.0,71.97999999999999
T000351,U0189,P047,57.51,2023-10-10,10,10,2023,0,0,False,True,False,False,False,False,4.069197679800145,7.583534795858722,-0.22783162019620065,0.209993148673779,Electronics,Sai Iyer,25.0,Bengaluru,2022-06-10,10,6,2022,False,False,True,3,55.54333333333333,Low,0.0,426,0.0,0.0,0.0,138.09,0.0,28.54,0.0,0.0
T000352,U0133,P014,49.73,2024-10-27,27,10,2024,0,0,True,False,False,False,False,False,3.9265174515785985,7.0519500849055925,-0.41545195769819226,0.17191935010276987,Beauty,Diya Singh,23.0,Indore,2023-07-06,6,7,2023,True,False,False,5,112.7875,High,2.0,370,215.07,0.0,0.0,77.16,0.0,158.92000000000002,0.0,0.0
T000353,U0170,P031,110.02,2025-02-10,10,2,2025,0,0,True,False,False,False,False,False,4.709710365262016,10.489041900955492,1.0384850793191691,0.4669668200058726,Grocery,Diya Roy,25.0,Surat,2022-09-15,15,9,2022,True,False,False,7,115.75166666666667,High,2.0,122,0.0,172.16,0.0,79.34,110.02,292.81,0.0,40.18
T000354,U0081,P012,63.6,2024-12-02,2,12,2024,0,0,False,False,False,True,False,False,4.168214410788556,7.974960814950754,-0.08096685729297065,0.23979641773514732,Sports,Vivaan Gupta,30.0,Indore,2024-04-29,29,4,2024,False,False,True,6,67.86800000000001,Medium,1.0,207,0.0,0.0,74.56,0.0,0.0,86.89,63.6,114.28999999999999
T000355,U0140,P023,66.86,2024-06-25,25,6,2024,1,1,False,False,False,False,False,True,4.2174467593560845,8.176796438703851,-0.002349595049205599,0.2557502202211999,Books,Ishaan Bose,22.0,Chennai,2023-04-11,11,4,2023,True,False,False,4,79.74333333333333,Low,0.0,494,62.91,66.86,109.46,0.0,0.0,0.0,0.0,0.0
T000356,U0157,P031,42.64,2024-05-19,19,5,2024,0,0,False,False,True,False,False,False,3.77597416096487,6.529931086925803,-0.586432445216074,0.13722227659782715,Grocery,Aarohi Joshi,46.0,Indore,2024-04-25,25,4,2024,True,False,False,5,56.39,Low,0.0,134,79.79,25.98,0.0,47.16,42.64,29.99,0.0,0.0
T000357,U0072,P036,40.75,2024-04-05,5,4,2024,0,0,False,False,False,False,True,False,3.7316994512968646,6.383572667401852,-0.632011164737766,0.12797298619947145,Sports,Myra Kulkarni,44.0,Hyderabad,2022-03-17,17,3,2022,False,False,True,5,90.725,Medium,1.0,177,69.75,0.0,79.82,14.6,0.0,157.98,40.75,0.0
T000358,U0077,P050,42.12,2024-02-29,29,2,2024,0,0,False,False,False,False,True,False,3.7639869266007415,6.48999229583518,-0.598972622015693,0.1346774982871684,Toys,Vihaan Reddy,32.0,Hyderabad,2024-06-30,30,6,2024,True,False,False,6,52.965999999999994,Medium,1.0,49,36.49,0.0,0.0,61.69,19.57,104.96000000000001,0.0,42.12
T000359,U0177,P046,69.18,2024-10-11,11,10,2024,0,0,False,False,False,True,False,False,4.2510633701550695,8.317451532771322,0.05359888605678692,0.2671038465302927,Toys,Ishaan Verma,32.0,Vadodara,2022-10-27,27,10,2022,False,True,False,5,96.5125,High,2.0,10,0.0,0.0,252.76,25.77,0.0,38.34,0.0,69.18
T000360,U0123,P023,42.41,2024-07-14,14,7,2024,0,0,True,False,False,False,False,False,3.770689829311502,6.512296062065975,-0.591979061877444,0.136096701575805,Books,Aarohi Roy,43.0,Bhopal,2023-04-06,6,4,2023,False,True,False,7,60.01,Medium,1.0,220,172.5,106.53,14.6,0.0,0.0,66.43,0.0,0.0
T000361,U0074,P008,64.97,2025-02-16,16,2,2025,0,0,True,False,False,False,False,False,4.1892000932347795,8.060397012554654,-0.047928314570897655,0.24650092982284427,Books,Diya Gupta,44.0,Kanpur,2022-10-19,19,10,2022,False,True,False,6,60.69333333333333,Medium,1.0,258,0.0,133.3,0.0,0.0,79.6,74.37,76.89,0.0
T000362,U0102,P023,189.66,2024-08-17,17,8,2024,0,0,False,False,True,False,False,False,5.250491737065432,13.771710133458372,2.9590613876300442,0.8567094058921406,Books,Kiara Sharma,28.0,Vadodara,2023-12-05,5,12,2023,False,False,True,7,115.49000000000001,High,2.0,257,52.81,304.48,0.0,48.89,108.81,0.0,0.0,62.46
T000363,U0011,P019,92.08,2023-06-11,11,6,2023,1,1,False,False,False,False,False,True,4.533459338434091,9.595832428716125,0.6058489797323146,0.3791719682881472,Home,Myra Kapoor,28.0,Nagpur,2022-03-22,22,3,2022,False,True,False,4,107.825,Low,0.0,144,0.0,0.0,0.0,62.08,0.0,153.57,0.0,0.0
T000364,U0089,P029,44.9,2024-06-09,9,6,2024,1,1,False,False,False,False,False,True,3.8264651170664994,6.700746227100382,-0.5319309075869607,0.14828227464030536,Clothing,Kiara Kulkarni,27.0,Ahmedabad,2024-08-05,5,8,2024,False,False,True,7,66.04666666666667,High,2.0,263,0.0,81.05,128.41,123.55000000000001,27.79,35.48,0.0,0.0
T000365,U0192,P031,112.25,2024-02-18,18,2,2024,0,0,False,False,True,False,False,False,4.7295977643631435,10.594810050208546,1.0922631452098428,0.47788000391504354,Grocery,Kabir Roy,38.0,Kolkata,2024-08-04,4,8,2024,False,True,False,4,117.11,High,2.0,539,218.94,0.0,0.0,0.0,112.25,137.25,0.0,0.0
T000366,U0138,P018,42.74,2024-07-10,10,7,2024,0,0,True,False,False,False,False,False,3.778263015248622,6.5375836514724615,-0.5840208727546087,0.13771165704218458,Electronics,Aadhya Chopra,29.0,Mumbai,2022-03-27,27,3,2022,False,False,True,6,131.64000000000001,High,2.0,7,62.45,244.98000000000002,0.0,42.74,0.0,176.39000000000001,0.0,0.0
T000367,U0036,P007,16.07,2024-05-05,5,5,2024,0,0,True,False,False,False,False,False,2.837322536806349,4.008740450565489,-1.2271872482273742,0.007193892532054422,Books,Ira Sharma,22.0,Lucknow,2023-05-16,16,5,2023,False,False,True,5,48.7025,Low,0.0,65,0.0,16.07,0.0,0.0,89.86,27.45,24.5,36.93
T000368,U0063,P004,29.82,2024-04-07,7,4,2024,1,1,False,False,False,False,False,True,3.42816382989197,5.460769176590419,-0.895596034775911,0.0744837036312029,Toys,Anaya Verma,23.0,Patna,2023-05-04,4,5,2023,False,True,False,2,86.27000000000001,Low,0.0,212,0.0,0.0,56.45,0.0,0.0,0.0,0.0,29.82
T000369,U0164,P015,17.77,2023-07-25,25,7,2023,0,0,False,True,False,False,False,False,2.9322598505984176,4.215447781671599,-1.1861905163824662,0.015513360086130953,Books,Muhammad Gupta,25.0,Indore,2023-05-16,16,5,2023,False,True,False,7,88.336,High,2.0,19,65.06,98.06,160.86,0.0,0.0,117.7,0.0,0.0
T000370,U0106,P022,44.22,2025-08-25,25,8,2025,1,1,False,False,False,False,False,True,3.811539466849824,6.64981202741852,-0.5483296003249241,0.14495448761867474,Electronics,Aadhya Singh,35.0,Ahmedabad,2022-07-16,16,7,2022,False,False,True,5,50.555,Low,0.0,68,0.0,0.0,38.0,44.22,48.02,0.0,0.0,71.97999999999999
T000371,U0026,P044,55.2,2023-01-11,11,1,2023,0,0,False,False,True,False,False,False,4.028916756899646,7.429670248402684,-0.28353894405604635,0.19868846040912203,Beauty,Ira Joshi,32.0,Delhi,2024-05-31,31,5,2024,False,True,False,5,52.41,Low,0.0,595,55.2,16.2,0.0,27.25,66.32,44.67,0.0,0.0
T000372,U0141,P011,149.29,2025-09-01,1,9,2025,0,0,False,False,False,True,False,False,5.012566760946003,12.218428704215611,1.985509584936548,0.6591465205050406,Electronics,Anaya Nair,33.0,Jaipur,2024-02-10,10,2,2024,True,False,False,9,82.38166666666667,High,2.0,47,78.86,14.6,186.62,168.29999999999998,22.9,23.01,0.0,0.0
T000373,U0123,P042,66.43,2024-08-11,11,8,2024,0,0,False,False,True,False,False,False,4.2110900227464905,8.150460109711599,-0.012719356633505726,0.253645884310463,Home,Aarohi Roy,43.0,Bhopal,2023-04-06,6,4,2023,False,True,False,7,60.01,Medium,1.0,220,172.5,106.53,14.6,0.0,0.0,66.43,0.0,0.0
T000374,U0083,P019,47.87,2023-05-02,2,5,2023,1,1,False,False,False,False,False,True,3.8891637112820634,6.918814927427962,-0.4603072054814447,0.16281687383772142,Home,Arjun Khan,43.0,Thane,2023-07-19,19,7,2023,False,True,False,8,59.12375,High,2.0,9,0.0,103.51,71.42,0.0,99.24000000000001,140.98,0.0,57.84
T000375,U0197,P006,89.81,2024-04-20,20,4,2024,1,1,False,False,False,False,False,True,4.508769411701737,9.476813810558905,0.5511062848570549,0.36806303220123326,Clothing,Kabir Roy,24.0,Thane,2023-12-07,7,12,2023,False,True,False,4,81.47333333333334,Low,0.0,6,0.0,0.0,171.97,0.0,0.0,0.0,0.0,72.45
T000376,U0137,P048,14.6,2023-03-18,18,3,2023,1,1,False,False,False,False,False,True,2.747270914255491,3.82099463490856,-1.2626373634109125,0.0,Clothing,Myra Reddy,25.0,Vadodara,2022-01-28,28,1,2022,False,False,True,5,62.870000000000005,Medium,1.0,404,0.0,0.0,14.6,208.94,0.0,56.57,34.24,0.0
T000377,U0045,P027,62.89,2023-03-16,16,3,2023,0,0,False,False,True,False,False,False,4.157162854614252,7.930321557162736,-0.09808902176937351,0.23632181658020945,Toys,Sai Chopra,20.0,Mumbai,2022-03-14,14,3,2022,False,True,False,8,136.31,High,2.0,205,120.96,218.42,94.7,0.0,63.37,0.0,0.0,184.1
T000378,U0102,P032,86.71,2024-08-15,15,8,2024,0,0,False,False,True,False,False,False,4.47403591796329,9.311820445004296,0.4763475385516339,0.35289223842615247,Books,Kiara Sharma,28.0,Vadodara,2023-12-05,5,12,2023,False,False,True,7,115.49000000000001,High,2.0,257,52.81,304.48,0.0,48.89,108.81,0.0,0.0,62.46
T000379,U0010,P001,22.48,2023-08-08,8,8,2023,0,0,False,False,False,False,True,False,3.1561489949598958,4.741307836451879,-1.0726054534474556,0.038563179015366544,Grocery,Diya Kulkarni,36.0,Delhi,2024-01-18,18,1,2024,True,False,False,4,47.78,Low,0.0,210,53.81,0.0,0.0,0.0,22.48,40.11,74.72,0.0
T000380,U0086,P019,108.45,2025-10-08,8,10,2025,0,0,False,False,False,True,False,False,4.695467823968872,10.413932974625869,1.0006233916741658,0.45928354702946067,Home,Aarohi Reddy,27.0,Ahmedabad,2022-02-12,12,2,2022,True,False,False,4,116.38,Medium,1.0,24,0.0,74.37,41.2,0.0,125.12,108.45,0.0,0.0
T000381,U0035,P033,66.89,2024-07-12,12,7,2024,0,0,False,False,False,True,False,False,4.217888748313555,8.178630692236935,-0.0016261233107660157,0.25589703435450717,Clothing,Muhammad Reddy,38.0,Pune,2023-07-07,7,7,2023,True,False,False,5,64.02250000000001,Medium,1.0,98,24.96,122.17,66.89,0.0,0.0,42.07,0.0,0.0
T000382,U0050,P008,42.56,2023-11-29,29,11,2023,0,0,False,False,False,False,True,False,3.77413929806476,6.523802572120037,-0.588361703185246,0.1368307722423412,Books,Meera Mukherjee,18.0,Hyderabad,2022-04-10,10,4,2022,False,True,False,1,42.56,Low,0.0,703,0.0,42.56,0.0,0.0,0.0,0.0,0.0,0.0
T000383,U0188,P030,79.81,2024-06-10,10,6,2024,1,1,False,False,False,False,False,True,4.392100720245356,8.93364427319557,0.3099490387105362,0.31912498776548887,Home,Muhammad Das,31.0,Bengaluru,2022-06-10,10,6,2022,True,False,False,8,81.32333333333334,High,2.0,242,0.0,49.1,222.48,0.0,0.0,142.34,74.02,0.0
T000384,U0184,P012,213.24,2024-11-21,21,11,2024,0,0,False,True,False,False,False,False,5.367096881942863,14.602739469017449,3.527710174043536,0.9721053146716259,Sports,Kiara Kulkarni,35.0,Ghaziabad,2022-08-20,20,8,2022,False,False,True,6,143.685,High,2.0,109,0.0,0.0,23.72,0.0,0.0,228.73,322.28999999999996,0.0
T000385,U0076,P037,60.89,2024-01-31,31,1,2024,1,1,False,False,False,False,False,True,4.12535861575127,7.803204469959762,-0.14632047099867726,0.2265342076930606,Clothing,Ira Sharma,38.0,Vadodara,2022-11-03,3,11,2022,False,False,True,7,83.45666666666666,High,2.0,19,0.0,240.39999999999998,60.89,59.75,86.16,0.0,53.54,0.0
T000386,U0045,P040,63.37,2025-04-10,10,4,2025,1,1,False,False,False,False,False,True,4.164647686064525,7.960527620704547,-0.08651347395434068,0.23867084271312516,Grocery,Sai Chopra,20.0,Mumbai,2022-03-14,14,3,2022,False,True,False,8,136.31,High,2.0,205,120.96,218.42,94.7,0.0,63.37,0.0,0.0,184.1
T000387,U0110,P033,41.45,2023-06-27,27,6,2023,0,0,False,False,False,False,True,False,3.7483269127573564,6.438167441127949,-0.6151301575075095,0.13139864930997358,Clothing,Saanvi Kulkarni,31.0,Lucknow,2023-04-22,22,4,2023,False,False,True,5,59.848,Medium,1.0,52,64.09,0.0,103.32,33.82,0.0,0.0,98.01,0.0
T000388,U0103,P043,32.79,2024-01-14,14,1,2024,0,0,False,True,False,False,False,False,3.5201649007261984,5.726255320888163,-0.8239723326703949,0.08901830282861896,Home,Muhammad Mehta,29.0,Bengaluru,2024-08-29,29,8,2024,True,False,False,4,36.5125,Low,0.0,244,0.0,0.0,92.69999999999999,0.0,0.0,32.79,0.0,20.56
T000389,U0036,P031,89.86,2024-05-23,23,5,2024,0,0,False,False,False,False,True,False,4.509319860331257,9.479451460923253,0.5523120710877875,0.3683077224234119,Grocery,Ira Sharma,22.0,Lucknow,2023-05-16,16,5,2023,False,False,True,5,48.7025,Low,0.0,65,0.0,16.07,0.0,0.0,89.86,27.45,24.5,36.93
T000390,U0002,P017,32.67,2024-04-27,27,4,2024,0,0,False,False,False,True,False,False,3.516607233172983,5.715767664977295,-0.8268662196241531,0.08843104629539005,Beauty,Sai Reddy,30.0,Hyderabad,2023-11-24,24,11,2023,False,False,True,6,129.68,High,2.0,553,187.02,0.0,45.02,0.0,0.0,0.0,0.0,157.0
T000391,U0115,P049,56.99,2024-11-06,6,11,2024,0,0,False,False,False,False,True,False,4.060270581888349,7.549172140042907,-0.2403717969958195,0.2074483703631203,Home,Aarav Verma,30.0,Bhopal,2023-09-18,18,9,2023,False,True,False,6,44.77333333333333,Medium,1.0,17,0.0,30.12,0.0,0.0,118.68,80.47,39.37,0.0
T000392,U0078,P038,40.99,2023-01-24,24,1,2023,1,1,False,False,False,False,False,True,3.737431494696102,6.402343321003647,-0.6262233908302495,0.12914749926592933,Home,Vihaan Kapoor,29.0,Jaipur,2022-10-16,16,10,2022,False,True,False,4,42.51,Low,0.0,375,0.0,16.06,0.0,75.44,0.0,40.99,0.0,37.55
T000393,U0067,P042,72.78,2024-04-28,28,4,2024,0,0,False,False,False,False,True,False,4.3010876921685295,8.531119504496465,0.1404154946695335,0.2847215425271606,Home,Saanvi Ghosh,31.0,Ghaziabad,2022-02-10,10,2,2022,False,False,True,3,103.235,Low,0.0,17,0.0,0.0,0.0,0.0,0.0,127.84,78.63,0.0
T000394,U0016,P043,66.7,2025-08-11,11,8,2025,0,0,False,True,False,False,False,False,4.215086179918229,8.167006795638168,-0.006208110987549816,0.25496721151022805,Home,Diya Iyer,27.0,Kanpur,2022-08-03,3,8,2022,True,False,False,2,51.365,Low,0.0,82,36.03,0.0,0.0,0.0,0.0,66.7,0.0,0.0
T000395,U0079,P011,101.75,2025-10-26,26,10,2025,0,0,False,False,False,True,False,False,4.632298853376344,10.087120500916008,0.8390480367559983,0.42649505725751197,Electronics,Sara Das,32.0,Lucknow,2022-07-28,28,7,2022,False,False,True,2,73.57,Low,0.0,6,0.0,0.0,0.0,101.75,0.0,45.39,0.0,0.0
T000396,U0181,P050,40.2,2023-08-29,29,8,2023,0,0,False,False,False,False,True,False,3.7184382563554808,6.340346993658944,-0.6452748132758245,0.12528139375550557,Toys,Aditya Bose,37.0,Bengaluru,2023-08-14,14,8,2023,True,False,False,4,48.4,Low,0.0,698,0.0,0.0,0.0,36.93,116.47,0.0,0.0,40.2
T000397,U0164,P019,46.44,2024-03-28,28,3,2024,0,0,False,False,False,False,True,False,3.85946575468947,6.814690014960328,-0.49479269168039686,0.15581873348340997,Home,Muhammad Gupta,25.0,Indore,2023-05-16,16,5,2023,False,True,False,7,88.336,High,2.0,19,65.06,98.06,160.86,0.0,0.0,117.7,0.0,0.0
T000398,U0057,P009,30.35,2023-11-10,10,11,2023,0,0,False,False,False,True,False,False,3.4452142670789296,5.509083408335728,-0.8828147007301455,0.07707741998629734,Clothing,Aarav Gupta,25.0,Pune,2023-02-21,21,2,2023,False,True,False,5,87.152,High,2.0,407,132.32,72.69,30.35,55.01,0.0,145.39,0.0,0.0
T000399,U0117,P048,41.82,2025-02-04,4,2,2025,0,0,True,False,False,False,False,False,3.757005283161537,6.466838485689897,-0.6062073394000884,0.13320935695409614,Clothing,Aadhya Joshi,31.0,Kolkata,2022-06-01,1,6,2022,True,False,False,13,143.5614285714286,High,2.0,56,0.0,165.31,458.83,102.63,127.18,43.33,20.75,86.9
T000400,U0107,P045,68.47,2025-08-22,22,8,2025,0,0,True,False,False,False,False,False,4.2408950047047895,8.274660113865705,0.036476721580383904,0.26362924537535476,Grocery,Kiara Bose,47.0,Pune,2023-09-23,23,9,2023,False,False,True,7,60.336,Medium,1.0,33,0.0,0.0,29.26,23.47,150.88,75.91,22.16,0.0
T000401,U0194,P035,85.99,2024-03-23,23,3,2024,1,1,False,False,False,False,False,True,4.46579316951945,9.273079315955407,0.45898421682908463,0.3493686992267789,Sports,Vihaan Kapoor,22.0,Ahmedabad,2024-07-19,19,7,2024,False,True,False,5,68.1025,Medium,1.0,222,0.0,110.05000000000001,0.0,0.0,0.0,56.59,85.99,19.78
T000402,U0196,P016,31.4,2023-06-17,17,6,2023,1,1,False,False,False,False,False,True,3.4781584227982836,5.60357029044876,-0.857493189884761,0.08221591465205048,Books,Kabir Kulkarni,35.0,Patna,2024-08-01,1,8,2024,False,False,True,7,103.83,High,2.0,72,94.92999999999999,196.74,0.0,0.0,226.74,104.57,0.0,0.0
T000403,U0135,P029,92.0,2025-01-10,10,1,2025,0,0,True,False,False,False,False,False,4.532599493153256,9.591663046625438,0.6039197217631425,0.37878046393266124,Clothing,Ishaan Mukherjee,24.0,Mumbai,2023-02-03,3,2,2023,True,False,False,8,77.40666666666667,High,2.0,183,105.1,63.46,92.0,0.0,25.77,85.44999999999999,0.0,92.66
T000404,U0020,P037,123.15,2023-05-07,7,5,2023,0,0,False,True,False,False,False,False,4.821490511954176,11.097296968181036,1.3551245435095485,0.531222472350005,Clothing,Vivaan Ghosh,20.0,Lucknow,2023-02-15,15,2,2023,False,True,False,4,95.53333333333335,Medium,1.0,210,0.0,0.0,123.15,0.0,36.71,48.81,0.0,77.93
T000405,U0141,P033,69.97,2023-11-03,3,11,2023,0,0,False,False,True,False,False,False,4.262257252536892,8.364807230295268,0.0726503085023617,0.27096995204071644,Clothing,Anaya Nair,33.0,Jaipur,2024-02-10,10,2,2024,True,False,False,9,82.38166666666667,High,2.0,47,78.86,14.6,186.62,168.29999999999998,22.9,23.01,0.0,0.0
T000406,U0043,P021,168.36,2025-06-23,23,6,2025,0,0,True,False,False,False,False,False,5.13202662682661,12.975361266646877,2.4453964533379597,0.7524713712440052,Books,Ira Roy,31.0,Kolkata,2022-08-19,19,8,2022,False,True,False,7,111.08999999999999,High,2.0,131,102.49,168.36,0.0,0.0,55.58,322.53999999999996,0.0,17.57
T000407,U0030,P044,34.32,2025-09-28,28,9,2025,0,0,False,False,True,False,False,False,3.564449375735759,5.858327406350724,-0.7870752740099775,0.09650582362728787,Beauty,Aarohi Sharma,29.0,Hyderabad,2023-11-30,30,11,2023,False,False,True,9,118.80199999999999,High,2.0,33,168.95,176.11,0.0,102.74,0.0,146.21,0.0,0.0
T000408,U0024,P033,25.87,2023-04-24,24,4,2023,0,0,False,False,False,True,False,False,3.2910104226273997,5.086255990411808,-0.9908531470037857,0.05515317607908389,Clothing,Aarohi Kapoor,20.0,Patna,2023-03-15,15,3,2023,True,False,False,11,96.98142857142857,High,2.0,90,112.61,313.02,89.07000000000001,62.27,55.78,46.12,0.0,0.0
T000409,U0117,P009,18.78,2025-04-30,30,4,2025,0,0,True,False,False,False,False,False,2.984671326194566,4.3335897360040905,-1.1618336345216675,0.02045610257414114,Clothing,Aadhya Joshi,31.0,Kolkata,2022-06-01,1,6,2022,True,False,False,13,143.5614285714286,High,2.0,56,0.0,165.31,458.83,102.63,127.18,43.33,20.75,86.9
T000410,U0117,P037,133.97,2025-08-04,4,8,2025,0,0,False,True,False,False,False,False,4.905052531521191,11.574541027617467,1.6160566838400816,0.5841734364294803,Clothing,Aadhya Joshi,31.0,Kolkata,2022-06-01,1,6,2022,True,False,False,13,143.5614285714286,High,2.0,56,0.0,165.31,458.83,102.63,127.18,43.33,20.75,86.9
T000411,U0173,P020,80.85,2023-02-14,14,2,2023,1,1,False,False,False,False,False,True,4.404888303817144,8.99166280506559,0.33502939230977397,0.32421454438680625,Toys,Muhammad Joshi,31.0,Patna,2024-09-27,27,9,2024,True,False,False,6,105.595,High,2.0,128,0.0,0.0,180.04000000000002,0.0,0.0,0.0,0.0,242.34
T000412,U0102,P017,52.81,2024-03-22,22,3,2024,0,0,False,True,False,False,False,False,3.9854593235013285,7.267048919609665,-0.34117552588506433,0.18699226778897915,Beauty,Kiara Sharma,28.0,Vadodara,2023-12-05,5,12,2023,False,False,True,7,115.49000000000001,High,2.0,257,52.81,304.48,0.0,48.89,108.81,0.0,0.0,62.46
T000413,U0149,P005,64.58,2025-05-17,17,5,2025,0,0,False,True,False,False,False,False,4.1832707714165025,8.036168241145775,-0.057333447170611895,0.24459234608985025,Books,Aarav Singh,36.0,Nagpur,2023-02-11,11,2,2023,False,False,True,2,66.35,Low,0.0,168,0.0,132.7,0.0,0.0,0.0,0.0,0.0,0.0
T000414,U0089,P045,27.79,2023-05-04,4,5,2023,0,0,False,True,False,False,False,False,3.3600281046240843,5.271622141238881,-0.9445509557436542,0.06454928061074679,Grocery,Kiara Kulkarni,27.0,Ahmedabad,2024-08-05,5,8,2024,False,False,True,7,66.04666666666667,High,2.0,263,0.0,81.05,128.41,123.55000000000001,27.79,35.48,0.0,0.0
T000415,U0018,P031,218.94,2024-08-10,10,8,2024,0,0,False,True,False,False,False,False,5.393354781882788,14.796621235944373,3.6651698043470513,1.0,Grocery,Sai Iyer,34.0,Nagpur,2022-10-04,4,10,2022,True,False,False,5,112.43599999999999,High,2.0,339,0.0,138.42,0.0,104.94,279.89,0.0,38.93,0.0
T000416,U0105,P012,59.0,2025-05-10,10,5,2025,0,0,False,False,True,False,False,False,4.0943445622221,7.681145747868608,-0.1918991905203693,0.2172849172947049,Sports,Kabir Amin,30.0,Indore,2022-12-01,1,12,2022,True,False,False,6,98.976,High,2.0,175,202.88,0.0,0.0,0.0,134.56,0.0,84.1,73.34
T000417,U0096,P025,58.3,2025-02-12,12,2,2025,0,0,False,False,False,True,False,False,4.08260930600368,7.635443667528429,-0.20878019775062567,0.21385925418420276,Electronics,Aditya Khan,20.0,Visakhapatnam,2023-02-14,14,2,2023,True,False,False,6,102.89750000000001,High,2.0,46,108.61,0.0,0.0,58.3,200.99,0.0,0.0,43.69
T000418,U0097,P006,84.39,2023-09-30,30,9,2023,1,1,False,False,False,False,False,True,4.447228997919515,9.186402995732333,0.42039905744564177,0.34153861211705977,Clothing,Aarohi Nair,34.0,Hyderabad,2024-06-17,17,6,2024,False,True,False,6,102.16799999999999,High,2.0,54,0.0,18.09,84.39,70.48,0.0,191.14,0.0,146.74
T000419,U0168,P023,72.86,2024-01-01,1,1,2024,0,0,False,True,False,False,False,False,4.3021714094244174,8.53580693314932,0.14234475263870563,0.28511304688264655,Books,Saanvi Mehta,47.0,Vadodara,2023-06-28,28,6,2023,True,False,False,5,64.9375,Medium,1.0,504,0.0,87.46,39.9,0.0,106.16,26.23,0.0,0.0
T000420,U0138,P026,62.45,2023-09-18,18,9,2023,0,0,True,False,False,False,False,False,4.150252194160397,7.90253124005214,-0.10869994059982027,0.23416854262503672,Beauty,Aadhya Chopra,29.0,Mumbai,2022-03-27,27,3,2022,False,False,True,6,131.64000000000001,High,2.0,7,62.45,244.98000000000002,0.0,42.74,0.0,176.39000000000001,0.0,0.0
T000421,U0187,P015,33.98,2023-02-16,16,2,2023,0,0,False,True,False,False,False,False,3.554776469590456,5.829236656715868,-0.7952746203789592,0.09484193011647253,Books,Vivaan Kulkarni,35.0,Hyderabad,2024-08-28,28,8,2024,False,False,True,7,76.19800000000001,Medium,1.0,154,0.0,164.03,67.21,0.0,0.0,149.75,0.0,0.0
T000422,U0077,P030,72.45,2025-05-18,18,5,2025,1,1,False,False,False,False,False,True,4.296604902619887,8.511756575466665,0.13245730554669846,0.28310658706078107,Home,Vihaan Reddy,32.0,Hyderabad,2024-06-30,30,6,2024,True,False,False,6,52.965999999999994,Medium,1.0,49,36.49,0.0,0.0,61.69,19.57,104.96000000000001,0.0,42.12
T000423,U0137,P025,168.88,2024-05-21,21,5,2024,0,0,False,False,True,False,False,False,5.13509230544507,12.995383795794567,2.4579366301375782,0.7550161495546638,Electronics,Myra Reddy,25.0,Vadodara,2022-01-28,28,1,2022,False,False,True,5,62.870000000000005,Medium,1.0,404,0.0,0.0,14.6,208.94,0.0,56.57,34.24,0.0
T000424,U0118,P023,122.39,2024-07-18,18,7,2024,0,0,False,False,True,False,False,False,4.815350070910442,11.06300140106653,1.3367965928024128,0.5275031809728884,Books,Aarav Patel,22.0,Kolkata,2022-06-30,30,6,2022,True,False,False,4,123.435,High,2.0,314,218.94,122.39,0.0,46.85,0.0,105.56,0.0,0.0
T000425,U0049,P047,142.01,2023-03-07,7,3,2023,0,0,False,True,False,False,False,False,4.962914557884844,11.916794871105234,1.8099471097418824,0.6235196241558187,Electronics,Saanvi Chopra,34.0,Kolkata,2024-03-14,14,3,2024,True,False,False,5,130.0,High,2.0,15,0.0,100.84,0.0,142.01,41.13,30.37,75.65,0.0
T000426,U0170,P027,40.18,2023-02-02,2,2,2023,0,0,True,False,False,False,False,False,3.717952701599643,6.338769596696191,-0.6457571277681176,0.12518351766663405,Toys,Diya Roy,25.0,Surat,2022-09-15,15,9,2022,True,False,False,7,115.75166666666667,High,2.0,122,0.0,172.16,0.0,79.34,110.02,292.81,0.0,40.18
T000427,U0062,P014,30.15,2023-07-26,26,7,2023,0,0,False,True,False,False,False,False,3.4388142452334622,5.490901565316938,-0.8876378456530759,0.07609865909758244,Beauty,Muhammad Verma,30.0,Vadodara,2022-03-04,4,3,2022,False,False,True,7,95.504,High,2.0,122,114.33000000000001,225.56,0.0,0.0,0.0,102.34,0.0,35.29
T000428,U0153,P003,50.63,2023-04-10,10,4,2023,0,0,False,False,False,True,False,False,3.9441028988915576,7.1154760908880865,-0.39374780554500544,0.1763237741019869,Beauty,Diya Gupta,26.0,Lucknow,2022-01-13,13,1,2022,False,False,True,5,72.48,Medium,1.0,98,50.63,0.0,0.0,28.77,160.31,0.0,0.0,50.21
T000429,U0063,P048,56.45,2025-04-03,3,4,2025,0,0,False,True,False,False,False,False,4.050915004294764,7.513321502504734,-0.25339428828773153,0.2048057159635901,Clothing,Anaya Verma,23.0,Patna,2023-05-04,4,5,2023,False,True,False,2,86.27000000000001,Low,0.0,212,0.0,0.0,56.45,0.0,0.0,0.0,0.0,29.82
T000430,U0113,P015,105.27,2024-03-20,20,3,2024,0,0,True,False,False,False,False,False,4.6659830253846035,10.260116958397697,0.9239353873995727,0.443721248898894,Books,Ira Kulkarni,32.0,Bengaluru,2024-04-18,18,4,2024,True,False,False,3,69.23,Low,0.0,572,0.0,105.27,0.0,0.0,0.0,102.41999999999999,0.0,0.0
T000431,U0194,P050,19.78,2023-10-14,14,10,2023,0,0,False,True,False,False,False,False,3.0339909856710814,4.447471191587417,-1.1377179099070158,0.02534990701771557,Toys,Vihaan Kapoor,22.0,Ahmedabad,2024-07-19,19,7,2024,False,True,False,5,68.1025,Medium,1.0,222,0.0,110.05000000000001,0.0,0.0,0.0,56.59,85.99,19.78
T000432,U0129,P019,136.69,2024-10-15,15,10,2024,0,0,False,False,True,False,False,False,4.925004781456281,11.69144986731757,1.6816514547919346,0.5974845845160027,Home,Arjun Das,32.0,Indore,2023-02-22,22,2,2023,False,True,False,7,109.98,High,2.0,245,26.4,66.65,93.42,0.0,0.0,207.53,45.92,0.0
T000433,U0148,P039,49.66,2024-10-18,18,10,2024,1,1,False,False,False,False,False,True,3.925136644573529,7.046985170979147,-0.4171400584212179,0.17157678379171964,Grocery,Vihaan Iyer,21.0,Hyderabad,2023-08-16,16,8,2023,True,False,False,3,39.166666666666664,Low,0.0,265,0.0,67.84,0.0,0.0,49.66,0.0,0.0,0.0
T000434,U0061,P020,42.26,2024-03-28,28,3,2024,0,0,False,False,True,False,False,False,3.7672284205249125,6.500769185258003,-0.5955964205696417,0.13536263090926887,Toys,Aarohi Joshi,28.0,Chennai,2022-10-31,31,10,2022,False,True,False,7,118.92999999999999,High,2.0,126,0.0,78.55,163.11,0.0,218.94,91.79,0.0,42.26
T000435,U0106,P020,29.75,2023-05-05,5,5,2023,0,0,False,False,False,False,True,False,3.4258899942525267,5.454356057317857,-0.8972841354989366,0.07414113732015269,Toys,Aadhya Singh,35.0,Ahmedabad,2022-07-16,16,7,2022,False,False,True,5,50.555,Low,0.0,68,0.0,0.0,38.0,44.22,48.02,0.0,0.0,71.97999999999999
T000436,U0143,P038,20.23,2023-12-25,25,12,2023,1,1,False,False,False,False,False,True,3.055415275715165,4.497777228809804,-1.1268658338304223,0.027552119017324073,Home,Aarohi Verma,19.0,Kolkata,2023-10-28,28,10,2023,True,False,False,3,39.68666666666667,Low,0.0,227,0.0,0.0,0.0,60.74,0.0,58.32000000000001,0.0,0.0
T000437,U0161,P044,89.47,2025-10-12,12,10,2025,0,0,False,False,False,True,False,False,4.50501830403765,9.458858282054976,0.5429069384880733,0.3663991386904179,Beauty,Aarav Joshi,24.0,Pune,2023-05-15,15,5,2023,True,False,False,5,59.246,Medium,1.0,20,89.47,134.08,0.0,0.0,0.0,0.0,40.76,31.92
T000438,U0013,P023,57.05,2025-02-19,19,2,2025,1,1,False,False,False,False,False,True,4.061304708143901,7.553145040312677,-0.23892485351894052,0.20774199862973475,Books,Diya Chopra,33.0,Bengaluru,2022-02-16,16,2,2022,False,True,False,4,96.2925,Medium,1.0,176,0.0,57.05,197.43,130.69,0.0,0.0,0.0,0.0
T000439,U0135,P021,25.18,2025-05-02,2,5,2025,1,1,False,False,False,False,False,True,3.264995760481754,5.017967716117751,-1.0074929969878956,0.05177645101301752,Books,Ishaan Mukherjee,24.0,Mumbai,2023-02-03,3,2,2023,True,False,False,8,77.40666666666667,High,2.0,183,105.1,63.46,92.0,0.0,25.77,85.44999999999999,0.0,92.66
T000440,U0105,P010,25.1,2025-02-09,9,2,2025,0,0,False,False,False,False,True,False,3.261935314328648,5.0099900199501395,-1.0094222549570677,0.05138494665753157,Sports,Kabir Amin,30.0,Indore,2022-12-01,1,12,2022,True,False,False,6,98.976,High,2.0,175,202.88,0.0,0.0,0.0,134.56,0.0,84.1,73.34
T000441,U0048,P049,44.64,2025-08-27,27,8,2025,0,0,True,False,False,False,False,False,3.8207845249938748,6.681317235396026,-0.5382009959867702,0.147009885484976,Home,Meera Das,40.0,Ahmedabad,2024-01-11,11,1,2024,False,False,True,5,87.88250000000001,Medium,1.0,66,0.0,0.0,80.2,0.0,0.0,256.73,14.6,0.0
T000442,U0062,P015,148.62,2023-10-23,23,10,2023,0,0,False,False,False,False,True,False,5.008098746444259,12.190980272316086,1.9693520494447316,0.6558676715278459,Books,Muhammad Verma,30.0,Vadodara,2022-03-04,4,3,2022,False,False,True,7,95.504,High,2.0,122,114.33000000000001,225.56,0.0,0.0,0.0,102.34,0.0,35.29
T000443,U0119,P004,46.72,2025-04-25,25,4,2025,0,0,True,False,False,False,False,False,3.8653505972297153,6.835202996254025,-0.4880402887882943,0.15718899872761083,Toys,Ira Roy,41.0,Vadodara,2022-09-13,13,9,2022,False,True,False,6,109.14833333333333,High,2.0,116,33.16,218.94,0.0,0.0,0.0,238.55,0.0,164.24
T000444,U0107,P036,22.16,2023-10-02,2,10,2023,0,0,True,False,False,False,False,False,3.1424266527047946,4.707440918375928,-1.0803224853241444,0.03699716159342273,Sports,Kiara Bose,47.0,Pune,2023-09-23,23,9,2023,False,False,True,7,60.336,Medium,1.0,33,0.0,0.0,29.26,23.47,150.88,75.91,22.16,0.0
T000445,U0100,P016,47.11,2024-02-21,21,2,2024,0,0,False,False,False,False,True,False,3.8734900557113625,6.863672486358888,-0.4786351561885801,0.15909758246060485,Books,Anaya Mukherjee,30.0,Visakhapatnam,2022-04-29,29,4,2022,False,False,True,8,113.37,High,2.0,63,0.0,84.14,0.0,63.2,52.81,64.62,189.65,112.43
T000446,U0085,P042,46.36,2025-07-10,10,7,2025,0,0,False,True,False,False,False,False,3.8577779905757503,6.80881781221968,-0.496721949649569,0.15542722912792406,Home,Arjun Kapoor,25.0,Kanpur,2023-08-20,20,8,2023,False,True,False,6,78.62,High,2.0,114,33.94,229.31,55.21,28.28,0.0,46.36,0.0,0.0
T000447,U0095,P006,14.6,2024-01-26,26,1,2024,0,0,True,False,False,False,False,False,2.747270914255491,3.82099463490856,-1.2626373634109125,0.0,Clothing,Muhammad Bose,28.0,Jaipur,2024-06-04,4,6,2024,True,False,False,6,69.31333333333333,High,2.0,223,77.82,51.2,14.6,160.25,0.0,112.00999999999999,0.0,0.0
T000448,U0014,P018,52.85,2023-03-22,22,3,2023,0,0,False,False,False,True,False,False,3.9862024036023977,7.269800547470337,-0.3402108969004783,0.18718801996672213,Electronics,Sai Singh,18.0,Kolkata,2024-06-06,6,6,2024,False,True,False,5,114.965,High,2.0,275,227.37,0.0,0.0,52.85,0.0,138.48,41.16,0.0
T000449,U0019,P013,47.53,2024-03-20,20,3,2024,0,0,True,False,False,False,False,False,3.882182163417125,6.894200461257274,-0.4685065518504263,0.16115298032690617,Beauty,Aarohi Ghosh,24.0,Lucknow,2024-05-13,13,5,2024,False,False,True,3,185.60000000000002,Low,0.0,225,113.79,0.0,0.0,0.0,0.0,71.81,0.0,0.0
T000450,U0123,P014,82.91,2024-09-12,12,9,2024,0,0,False,False,False,False,True,False,4.4297447958819784,9.105492847726586,0.38470778501595687,0.3342957815405696,Beauty,Aarohi Roy,43.0,Bhopal,2023-04-06,6,4,2023,False,True,False,7,60.01,Medium,1.0,220,172.5,106.53,14.6,0.0,0.0,66.43,0.0,0.0
T000451,U0004,P014,165.57,2023-08-29,29,8,2023,0,0,False,False,True,False,False,False,5.115415641489016,12.867400669909987,2.3781135816630807,0.7388176568464324,Beauty,Aarav Gupta,44.0,Kolkata,2023-06-02,2,6,2023,False,True,False,3,100.21333333333332,Medium,1.0,577,222.5,0.0,0.0,0.0,0.0,0.0,0.0,78.14
T000452,U0192,P049,107.33,2024-05-11,11,5,2024,0,0,False,False,False,True,False,False,4.6851821239574765,10.360019305001318,0.9736137801057556,0.45380248605265733,Home,Kabir Roy,38.0,Kolkata,2024-08-04,4,8,2024,False,True,False,4,117.11,High,2.0,539,218.94,0.0,0.0,0.0,112.25,137.25,0.0,0.0
T000453,U0179,P039,46.46,2024-02-23,23,2,2024,1,1,False,False,False,False,False,True,3.8598872510076174,6.816157275180789,-0.4943103771881038,0.15591660957228148,Grocery,Kabir Joshi,29.0,Thane,2022-12-15,15,12,2022,True,False,False,5,79.44500000000001,Medium,1.0,617,95.72,107.57000000000001,0.0,0.0,114.49000000000001,0.0,0.0,0.0
T000454,U0102,P016,28.11,2024-10-20,20,10,2024,0,0,True,False,False,False,False,False,3.371081757757532,5.301886456724625,-0.9368339238669656,0.0661152980326906,Books,Kiara Sharma,28.0,Vadodara,2023-12-05,5,12,2023,False,False,True,7,115.49000000000001,High,2.0,257,52.81,304.48,0.0,48.89,108.81,0.0,0.0,62.46
T000455,U0199,P019,218.94,2025-08-12,12,8,2025,0,0,False,False,False,True,False,False,5.393354781882788,14.796621235944373,3.6651698043470513,1.0,Home,Meera Roy,32.0,Ghaziabad,2022-02-10,10,2,2022,False,True,False,9,92.57285714285715,High,2.0,81,0.0,288.35,40.28,61.43,0.0,218.94,39.01,0.0
T000456,U0137,P042,56.57,2024-09-23,23,9,2024,0,0,False,False,False,False,True,False,4.053001598687718,7.521303078589507,-0.25050040133397333,0.20539297249681904,Home,Myra Reddy,25.0,Vadodara,2022-01-28,28,1,2022,False,False,True,5,62.870000000000005,Medium,1.0,404,0.0,0.0,14.6,208.94,0.0,56.57,34.24,0.0
T000457,U0067,P024,55.06,2025-10-15,15,10,2025,0,0,True,False,False,False,False,False,4.026422545736642,7.420242583635659,-0.2869151455020976,0.19800332778702162,Home,Saanvi Ghosh,31.0,Ghaziabad,2022-02-10,10,2,2022,False,False,True,3,103.235,Low,0.0,17,0.0,0.0,0.0,0.0,0.0,127.84,78.63,0.0
T000458,U0120,P007,53.81,2025-08-19,19,8,2025,1,1,False,False,False,False,False,True,4.003872659058025,7.335529974037323,-0.31705980127041244,0.1918860722325536,Books,Vihaan Roy,38.0,Thane,2023-11-15,15,11,2023,False,True,False,4,60.0675,Low,0.0,74,0.0,134.23000000000002,0.0,0.0,0.0,77.51,28.53,0.0
T000459,U0195,P021,61.49,2025-01-29,29,1,2025,0,0,False,False,True,False,False,False,4.135006543940991,7.841555968046138,-0.1318510362298861,0.22947049035920525,Books,Ishaan Reddy,33.0,Delhi,2022-06-19,19,6,2022,False,True,False,5,118.4225,High,2.0,276,0.0,108.28,0.0,0.0,0.0,130.41,0.0,235.0
T000460,U0081,P027,50.07,2024-03-29,29,3,2024,0,0,False,True,False,False,False,False,3.9331972406595526,7.076015828133795,-0.40725261132921053,0.17358324361358518,Toys,Vivaan Gupta,30.0,Indore,2024-04-29,29,4,2024,False,False,True,6,67.86800000000001,Medium,1.0,207,0.0,0.0,74.56,0.0,0.0,86.89,63.6,114.28999999999999
T000461,U0190,P010,38.7,2024-06-18,18,6,2024,0,0,False,True,False,False,False,False,3.681351187693145,6.220932405998316,-0.6814484001978023,0.1179406870901439,Sports,Aarav Mukherjee,19.0,Ghaziabad,2023-04-27,27,4,2023,True,False,False,5,66.605,Medium,1.0,85,67.22,38.65,0.0,15.66,106.19,0.0,38.7,0.0
T000462,U0142,P038,39.33,2025-05-05,5,5,2025,0,0,True,False,False,False,False,False,3.697095608885277,6.271363488110062,-0.6662554936905717,0.12102378388959577,Home,Kiara Khan,42.0,Bhopal,2022-01-20,20,1,2022,False,True,False,7,98.89250000000001,High,2.0,46,0.0,58.52,53.38,82.19,0.0,125.42,0.0,76.06
T000463,U0076,P010,53.54,2024-11-06,6,11,2024,0,0,False,False,True,False,False,False,3.9989343774174424,7.3171032519706865,-0.32357104691636857,0.19056474503278847,Sports,Ira Sharma,38.0,Vadodara,2022-11-03,3,11,2022,False,False,True,7,83.45666666666666,High,2.0,19,0.0,240.39999999999998,60.89,59.75,86.16,0.0,53.54,0.0
T000464,U0059,P025,39.41,2024-05-18,18,5,2024,0,0,True,False,False,False,False,False,3.6990772790903823,6.2777384462878025,-0.6643262357213996,0.1214152882450817,Electronics,Vivaan Iyer,34.0,Mumbai,2023-02-04,4,2,2023,True,False,False,5,63.89,Medium,1.0,62,71.28,0.0,144.87,39.41,0.0,0.0,0.0,0.0
T000465,U0128,P036,35.6,2024-11-22,22,11,2024,1,1,False,False,False,False,False,True,3.6000482404073204,5.966573556070519,-0.7562071465032231,0.10276989331506313,Sports,Arjun Reddy,27.0,Nagpur,2023-12-12,12,12,2023,False,True,False,4,56.245000000000005,Low,0.0,162,0.0,0.0,0.0,0.0,154.17000000000002,35.21,35.6,0.0
T000466,U0066,P049,58.2,2025-10-01,1,10,2025,0,0,False,False,False,True,False,False,4.0809215418899605,7.628892449104261,-0.21119177021209073,0.21336987373984534,Home,Aditya Ghosh,42.0,Hyderabad,2024-08-22,22,8,2024,True,False,False,3,41.803333333333335,Low,0.0,31,0.0,36.91,0.0,0.0,30.3,58.2,0.0,0.0
T000467,U0118,P011,46.85,2024-12-22,22,12,2024,1,1,False,False,False,False,False,True,3.8680711178989635,6.844705983459042,-0.4849052445883895,0.1578251933052755,Electronics,Aarav Patel,22.0,Kolkata,2022-06-30,30,6,2022,True,False,False,4,123.435,High,2.0,314,218.94,122.39,0.0,46.85,0.0,105.56,0.0,0.0
T000468,U0044,P009,134.61,2025-09-27,27,9,2025,1,1,False,False,False,False,False,True,4.909783119099854,11.602154972245458,1.631490747593459,0.5873054712733681,Clothing,Aditya Nair,29.0,Patna,2023-07-22,22,7,2023,False,True,False,7,102.878,High,2.0,35,0.0,14.6,178.51000000000002,0.0,69.48,251.8,0.0,0.0
T000469,U0048,P035,14.6,2023-05-01,1,5,2023,1,1,False,False,False,False,False,True,2.747270914255491,3.82099463490856,-1.2626373634109125,0.0,Sports,Meera Das,40.0,Ahmedabad,2024-01-11,11,1,2024,False,False,True,5,87.88250000000001,Medium,1.0,66,0.0,0.0,80.2,0.0,0.0,256.73,14.6,0.0
T000470,U0135,P003,105.1,2023-04-10,10,4,2023,0,0,False,True,False,False,False,False,4.664382045619937,10.251829105091442,0.9198357142150819,0.44288930214348626,Beauty,Ishaan Mukherjee,24.0,Mumbai,2023-02-03,3,2,2023,True,False,False,8,77.40666666666667,High,2.0,183,105.1,63.46,92.0,0.0,25.77,85.44999999999999,0.0,92.66
T000471,U0196,P001,115.31,2023-10-09,9,10,2023,0,0,False,False,False,True,False,False,4.7562590403509475,10.73824939177704,1.1660572625306778,0.4928550455123813,Grocery,Kabir Kulkarni,35.0,Patna,2024-08-01,1,8,2024,False,False,True,7,103.83,High,2.0,72,94.92999999999999,196.74,0.0,0.0,226.74,104.57,0.0,0.0
T000472,U0162,P015,15.74,2023-11-06,6,11,2023,0,0,False,True,False,False,False,False,2.8178010650613294,3.9673668849754744,-1.2351454373502093,0.0055789370656748605,Books,Muhammad Mehta,38.0,Lucknow,2022-10-14,14,10,2022,True,False,False,6,76.75,Medium,1.0,252,0.0,15.74,134.48,0.0,47.37,24.73,84.68,0.0
T000473,U0003,P014,44.45,2025-07-22,22,7,2025,0,0,True,False,False,False,False,False,3.816612820623488,6.6670833203133135,-0.5427829836635539,0.1460800626406969,Beauty,Aarohi Gupta,37.0,Indore,2022-02-02,2,2,2022,False,False,True,4,40.5975,Low,0.0,0,44.45,34.7,0.0,0.0,24.37,58.87,0.0,0.0
T000474,U0096,P004,43.69,2025-09-16,16,9,2025,0,0,True,False,False,False,False,False,3.79974976294536,6.609841147864296,-0.5611109343706895,0.14236077126358032,Toys,Aditya Khan,20.0,Visakhapatnam,2023-02-14,14,2,2023,True,False,False,6,102.89750000000001,High,2.0,46,108.61,0.0,0.0,58.3,200.99,0.0,0.0,43.69
T000475,U0169,P032,23.46,2023-01-14,14,1,2023,0,0,False,True,False,False,False,False,3.1970391302590264,4.843552415324934,-1.0489720433250969,0.0433591073700695,Books,Diya Mukherjee,30.0,Vadodara,2022-12-05,5,12,2022,False,False,True,4,71.0775,Medium,1.0,169,0.0,23.46,0.0,0.0,52.59,0.0,208.26,0.0
T000476,U0137,P036,34.24,2023-01-25,25,1,2023,0,0,False,False,False,True,False,False,3.562181801067979,5.851495535331118,-0.7890045319791497,0.0961143192718019,Sports,Myra Reddy,25.0,Vadodara,2022-01-28,28,1,2022,False,False,True,5,62.870000000000005,Medium,1.0,404,0.0,0.0,14.6,208.94,0.0,56.57,34.24,0.0
T000477,U0005,P034,28.04,2024-07-16,16,7,2024,1,1,False,False,False,False,False,True,3.3686741899565953,5.295280917949491,-0.9385220245899913,0.0657727317216404,Books,Sara Sharma,30.0,Chennai,2024-01-04,4,1,2024,False,False,True,6,57.94833333333333,Medium,1.0,132,103.03,68.07,48.34,0.0,0.0,128.25,0.0,0.0
T000478,U0138,P019,156.24,2025-10-25,25,10,2025,0,0,False,True,False,False,False,False,5.057773300553659,12.499599993599796,2.153113871008379,0.6931584613878831,Home,Aadhya Chopra,29.0,Mumbai,2022-03-27,27,3,2022,False,False,True,6,131.64000000000001,High,2.0,7,62.45,244.98000000000002,0.0,42.74,0.0,176.39000000000001,0.0,0.0
T000479,U0179,P044,95.72,2024-01-03,3,1,2024,0,0,False,False,False,True,False,False,4.571820206306537,9.783659846908007,0.6936302173296475,0.39698541646275814,Beauty,Kabir Joshi,29.0,Thane,2022-12-15,15,12,2022,True,False,False,5,79.44500000000001,Medium,1.0,617,95.72,107.57000000000001,0.0,0.0,114.49000000000001,0.0,0.0,0.0
T000480,U0028,P007,117.09,2023-11-01,1,11,2023,0,0,True,False,False,False,False,False,4.77144704561319,10.820813278122861,1.2089832523447581,0.5015660174219438,Books,Kiara Kulkarni,35.0,Nagpur,2023-01-26,26,1,2023,False,True,False,9,101.28,High,2.0,70,101.57000000000001,174.23000000000002,252.42000000000002,0.0,0.0,125.28,0.0,55.46
T000481,U0062,P013,84.18,2024-05-31,31,5,2024,0,0,True,False,False,False,False,False,4.444766664495067,9.174965939991276,0.415334755276565,0.3405109131839092,Beauty,Muhammad Verma,30.0,Vadodara,2022-03-04,4,3,2022,False,False,True,7,95.504,High,2.0,122,114.33000000000001,225.56,0.0,0.0,0.0,102.34,0.0,35.29
T000482,U0091,P018,27.73,2023-06-11,11,6,2023,0,0,False,False,False,True,False,False,3.3579418729911983,5.265928218272634,-0.9459978992205332,0.06425565234413232,Electronics,Reyansh Nair,32.0,Kolkata,2022-10-01,1,10,2022,True,False,False,2,28.23,Low,0.0,551,0.0,0.0,0.0,27.73,0.0,0.0,28.73,0.0
T000483,U0096,P026,39.86,2024-05-13,13,5,2024,0,0,False,False,False,True,False,False,3.710151589389476,6.313477647065839,-0.6534741596448062,0.12361750024469022,Beauty,Aditya Khan,20.0,Visakhapatnam,2023-02-14,14,2,2023,True,False,False,6,102.89750000000001,High,2.0,46,108.61,0.0,0.0,58.3,200.99,0.0,0.0,43.69
T000484,U0179,P015,73.23,2023-06-15,15,6,2023,0,0,False,False,False,False,True,False,4.307168381129456,8.557452892070163,0.15126757074612693,0.2869237545267691,Books,Kabir Joshi,29.0,Thane,2022-12-15,15,12,2022,True,False,False,5,79.44500000000001,Medium,1.0,617,95.72,107.57000000000001,0.0,0.0,114.49000000000001,0.0,0.0,0.0
T000485,U0168,P042,26.23,2023-07-11,11,7,2023,0,0,False,True,False,False,False,False,3.3043193066856684,5.121523210920751,-0.982171486142511,0.05691494567877069,Home,Saanvi Mehta,47.0,Vadodara,2023-06-28,28,6,2023,True,False,False,5,64.9375,Medium,1.0,504,0.0,87.46,39.9,0.0,106.16,26.23,0.0,0.0
T000486,U0104,P025,83.75,2025-09-01,1,9,2025,0,0,False,False,False,True,False,False,4.43970574626056,9.151502608861563,0.4049649936922645,0.33840657727317214,Electronics,Anaya Kulkarni,25.0,Hyderabad,2024-01-08,8,1,2024,True,False,False,4,79.22,Medium,1.0,61,0.0,0.0,0.0,83.75,94.61,101.31,0.0,37.21
T000487,U0015,P041,47.27,2023-12-17,17,12,2023,0,0,False,True,False,False,False,False,3.8768102496724017,6.8753181744556375,-0.4747766402502357,0.15988059117157682,Home,Vihaan Bose,18.0,Thane,2023-10-13,13,10,2023,True,False,False,5,110.2625,High,2.0,146,0.0,350.07,0.0,0.0,43.71,47.27,0.0,0.0
T000488,U0022,P032,43.6,2024-11-09,9,11,2024,0,0,False,False,False,True,False,False,3.7977338590260183,6.603029607687671,-0.5632813495860081,0.14192032886365863,Books,Anaya Das,30.0,Bhopal,2023-02-10,10,2,2023,False,False,True,5,82.0875,Medium,1.0,188,0.0,43.6,71.92,0.0,0.0,134.29000000000002,0.0,78.54
T000489,U0145,P007,83.64,2023-03-29,29,3,2023,0,0,True,False,False,False,False,False,4.438406968109989,9.14549069213894,0.40231226398465286,0.337868258784379,Books,Aarav Kulkarni,34.0,Kolkata,2022-05-10,10,5,2022,False,True,False,8,77.6557142857143,High,2.0,217,296.62,141.0,70.65,0.0,0.0,35.32,0.0,0.0
T000490,U0059,P014,71.28,2025-08-31,31,8,2025,1,1,False,False,False,False,False,True,4.280547465724028,8.442748367682173,0.10424190774755572,0.27738083586179896,Beauty,Vivaan Iyer,34.0,Mumbai,2023-02-04,4,2,2023,True,False,False,5,63.89,Medium,1.0,62,71.28,0.0,144.87,39.41,0.0,0.0,0.0,0.0
T000491,U0070,P003,43.97,2024-07-28,28,7,2024,0,0,False,True,False,False,False,False,3.805995600782616,6.630987860040161,-0.5543585314785869,0.14373103650778113,Beauty,Anaya Ghosh,26.0,Nagpur,2022-05-15,15,5,2022,True,False,False,2,58.925,Low,0.0,141,43.97,73.88,0.0,0.0,0.0,0.0,0.0,0.0
T000492,U0140,P037,109.46,2023-03-09,9,3,2023,1,1,False,False,False,False,False,True,4.704653464473042,10.462313319720453,1.024980273534964,0.46422628951747086,Clothing,Ishaan Bose,22.0,Chennai,2023-04-11,11,4,2023,True,False,False,4,79.74333333333333,Low,0.0,494,62.91,66.86,109.46,0.0,0.0,0.0,0.0,0.0
T000493,U0046,P021,28.54,2024-02-29,29,2,2024,0,0,False,True,False,False,False,False,3.3857452771032337,5.342284155677232,-0.9264641622826654,0.0682196339434276,Books,Vivaan Ghosh,26.0,Delhi,2024-05-30,30,5,2024,False,True,False,4,123.63,High,2.0,24,218.94,28.54,0.0,0.0,149.96,0.0,0.0,97.08
T000494,U0151,P010,79.01,2025-03-26,26,3,2025,1,1,False,False,False,False,False,True,4.382151626862033,8.888756943465156,0.29065645901881476,0.31520994421062937,Sports,Kabir Kulkarni,34.0,Patna,2024-03-12,12,3,2024,False,True,False,8,94.825,High,2.0,220,33.2,263.46,136.95,0.0,0.0,0.0,79.01,56.33
T000495,U0020,P020,77.93,2024-05-07,7,5,2024,0,0,False,False,True,False,False,False,4.368561383720311,8.827797007181351,0.26461147643499083,0.30992463541156895,Toys,Vivaan Ghosh,20.0,Lucknow,2023-02-15,15,2,2023,False,True,False,4,95.53333333333335,Medium,1.0,210,0.0,0.0,123.15,0.0,36.71,48.81,0.0,77.93
T000496,U0146,P025,45.34,2024-11-10,10,11,2024,1,1,False,False,False,False,False,True,3.8360055190042304,6.73349834781297,-0.5213199887565138,0.15043554859547814,Electronics,Meera Patel,38.0,Chennai,2023-04-22,22,4,2023,False,False,True,4,69.02333333333333,Low,0.0,356,71.67,0.0,53.13,45.34,0.0,36.93,0.0,0.0
T000497,U0099,P049,66.4,2023-10-14,14,10,2023,1,1,False,False,False,False,False,True,4.210645017918261,8.148619514985345,-0.01344282837194531,0.2534990701771557,Home,Vihaan Kulkarni,32.0,Kanpur,2024-01-17,17,1,2024,True,False,False,5,70.554,Medium,1.0,67,0.0,0.0,110.1,0.0,105.85,136.82,0.0,0.0
T000498,U0177,P047,25.77,2025-10-22,22,10,2025,0,0,False,True,False,False,False,False,3.2872818575322613,5.076416058598822,-0.9932647194652511,0.05466379563472644,Electronics,Ishaan Verma,32.0,Vadodara,2022-10-27,27,10,2022,False,True,False,5,96.5125,High,2.0,10,0.0,0.0,252.76,25.77,0.0,38.34,0.0,69.18
T000499,U0191,P023,95.05,2023-07-20,20,7,2023,0,0,False,True,False,False,False,False,4.564868889214566,9.749358953285082,0.6774726818378306,0.39370656748556326,Books,Kabir Verma,28.0,Surat,2023-12-25,25,12,2023,False,True,False,3,88.1,Low,0.0,239,0.0,95.05,0.0,0.0,0.0,81.15,0.0,0.0
T000500,U0112,P015,48.86,2024-11-28,28,11,2024,0,0,False,True,False,False,False,False,3.9092190780954117,6.989992846920518,-0.4364326381129393,0.16766174023686015,Books,Meera Iyer,31.0,Bengaluru,2022-10-18,18,10,2022,False,False,True,5,59.4525,Low,0.0,334,57.24,48.86,0.0,0.0,33.24,98.47,0.0,0.0
T000501,U0155,P050,39.9,2025-03-23,23,3,2025,0,0,True,False,False,False,False,False,3.711130063048756,6.316644678941502,-0.6525095306602201,0.1238132524224332,Toys,Diya Roy,34.0,Ahmedabad,2023-03-22,22,3,2023,False,False,True,5,53.04,Medium,1.0,223,0.0,0.0,0.0,0.0,51.47,78.89,39.17,95.67
T000502,U0199,P021,102.45,2024-07-13,13,7,2024,0,0,False,True,False,False,False,False,4.639088404191552,10.121758740456126,0.8559290439862546,0.42992072036801415,Books,Meera Roy,32.0,Ghaziabad,2022-02-10,10,2,2022,False,True,False,9,92.57285714285715,High,2.0,81,0.0,288.35,40.28,61.43,0.0,218.94,39.01,0.0
T000503,U0116,P032,35.78,2024-12-29,29,12,2024,0,0,False,False,True,False,False,False,3.604954219176175,5.981638571495273,-0.7518663160725858,0.10365077811490654,Books,Aditya Roy,34.0,Patna,2022-07-19,19,7,2022,True,False,False,11,94.10666666666667,High,2.0,124,32.99,35.78,159.60999999999999,56.14,0.0,168.49,111.63,0.0
T000504,U0142,P025,23.45,2024-01-16,16,1,2024,0,0,False,False,False,True,False,False,3.196630215920881,4.8425200051213,-1.0492132005712433,0.04331016932563374,Electronics,Kiara Khan,42.0,Bhopal,2022-01-20,20,1,2022,False,True,False,7,98.89250000000001,High,2.0,46,0.0,58.52,53.38,82.19,0.0,125.42,0.0,76.06
T000505,U0175,P038,21.46,2025-02-17,17,2,2025,1,1,False,False,False,False,False,True,3.111735949310297,4.632493928760188,-1.0972034925544005,0.033571498482920625,Home,Muhammad Singh,34.0,Kanpur,2022-07-03,3,7,2022,False,True,False,6,79.61,Medium,1.0,257,0.0,0.0,121.2,74.53999999999999,0.0,21.46,0.0,101.24
T000506,U0022,P050,78.54,2024-08-27,27,8,2024,0,0,True,False,False,False,False,False,4.376260039779544,8.86227961644181,0.27932206844992846,0.3129098561221494,Toys,Anaya Das,30.0,Bhopal,2023-02-10,10,2,2023,False,False,True,5,82.0875,Medium,1.0,188,0.0,43.6,71.92,0.0,0.0,134.29000000000002,0.0,78.54
T000507,U0064,P046,25.32,2023-06-18,18,6,2023,0,0,False,True,False,False,False,False,3.2703291064571163,5.03189825016365,-1.0041167955418444,0.05246158363511794,Toys,Ira Amin,22.0,Delhi,2024-09-10,10,9,2024,False,True,False,7,81.41333333333334,High,2.0,231,140.39,0.0,0.0,68.68,90.41,40.97,122.71000000000001,25.32
T000508,U0069,P010,156.47,2023-11-12,12,11,2023,0,0,False,False,False,True,False,False,5.059234963932318,12.508796904578793,2.158660487669749,0.6942840364099051,Sports,Ira Nair,34.0,Chennai,2023-11-17,17,11,2023,True,False,False,6,92.42,High,2.0,720,0.0,52.76,108.65,0.0,0.0,92.78,207.91,0.0
T000509,U0190,P025,15.66,2025-01-08,8,1,2025,0,0,False,False,False,False,True,False,2.8130106367386967,3.9572717874818757,-1.2370746953193816,0.0051874327101888995,Electronics,Aarav Mukherjee,19.0,Ghaziabad,2023-04-27,27,4,2023,True,False,False,5,66.605,Medium,1.0,85,67.22,38.65,0.0,15.66,106.19,0.0,38.7,0.0
T000510,U0028,P006,151.09,2024-09-23,23,9,2024,0,0,False,True,False,False,False,False,5.024472450884278,12.29186723000212,2.028917889242922,0.6679553685034747,Clothing,Kiara Kulkarni,35.0,Nagpur,2023-01-26,26,1,2023,False,True,False,9,101.28,High,2.0,70,101.57000000000001,174.23000000000002,252.42000000000002,0.0,0.0,125.28,0.0,55.46
T000511,U0114,P024,61.97,2023-07-29,29,7,2023,0,0,False,False,False,False,True,False,4.142658422500651,7.87210264160726,-0.12027548841485326,0.23181951649212096,Home,Sai Singh,51.0,Chennai,2022-05-31,31,5,2022,False,True,False,7,121.62666666666667,Medium,1.0,43,29.56,126.61000000000001,0.0,41.06,83.68,83.97,0.0,0.0
T000512,U0034,P006,51.52,2025-06-01,1,6,2025,0,0,False,False,True,False,False,False,3.9611940494345954,7.177743377970544,-0.37228481063796526,0.18067926005676815,Clothing,Vihaan Singh,23.0,Visakhapatnam,2023-09-16,16,9,2023,False,False,True,9,136.374,High,2.0,5,103.98,84.49,51.52,39.12,247.26999999999998,46.11,109.38,0.0
T000513,U0115,P036,39.37,2025-04-15,15,4,2025,0,0,True,False,False,False,False,False,3.6980869348648495,6.274551776820397,-0.6652908647059856,0.12121953606733875,Sports,Aarav Verma,30.0,Bhopal,2023-09-18,18,9,2023,False,True,False,6,44.77333333333333,Medium,1.0,17,0.0,30.12,0.0,0.0,118.68,80.47,39.37,0.0
T000514,U0027,P002,69.37,2024-12-25,25,12,2024,0,0,False,True,False,False,False,False,4.253767035978457,8.328865468957943,0.058180873733570726,0.2680336693745718,Grocery,Vihaan Reddy,22.0,Pune,2024-03-22,22,3,2024,False,False,True,4,80.48666666666666,Low,0.0,311,0.0,87.49,54.2,0.0,69.37,30.4,0.0,0.0
T000515,U0142,P006,53.38,2024-10-26,26,10,2024,0,0,True,False,False,False,False,False,3.995996439204325,7.306161783043132,-0.32742956285471275,0.18978173632181655,Clothing,Kiara Khan,42.0,Bhopal,2022-01-20,20,1,2022,False,True,False,7,98.89250000000001,High,2.0,46,0.0,58.52,53.38,82.19,0.0,125.42,0.0,76.06
T000516,U0099,P001,105.85,2025-04-27,27,4,2025,0,0,False,False,False,False,True,False,4.671425981765156,10.288342918079666,0.9379225076760708,0.4465596554761671,Grocery,Vihaan Kulkarni,32.0,Kanpur,2024-01-17,17,1,2024,True,False,False,5,70.554,Medium,1.0,67,0.0,0.0,110.1,0.0,105.85,136.82,0.0,0.0
T000517,U0100,P050,58.47,2024-05-12,12,5,2024,0,0,False,True,False,False,False,False,4.085471983718502,7.646567857542363,-0.20468052456613484,0.21469120093961042,Toys,Anaya Mukherjee,30.0,Visakhapatnam,2022-04-29,29,4,2022,False,False,True,8,113.37,High,2.0,63,0.0,84.14,0.0,63.2,52.81,64.62,189.65,112.43
T000518,U0147,P034,59.75,2025-02-18,18,2,2025,0,0,False,False,True,False,False,False,4.1067670822206574,7.729812416870153,-0.1738123970593804,0.22095527062738574,Books,Ishaan Mehta,22.0,Ghaziabad,2023-09-14,14,9,2023,False,True,False,12,75.10333333333334,High,2.0,7,40.02,257.28,32.85,103.53999999999999,77.19,141.2,0.0,23.85
T000519,U0044,P009,43.9,2024-09-08,8,9,2024,0,0,False,False,False,False,True,False,3.8044377947482086,6.6257075093909785,-0.5560466322016127,0.14338847019673095,Clothing,Aditya Nair,29.0,Patna,2023-07-22,22,7,2023,False,True,False,7,102.878,High,2.0,35,0.0,14.6,178.51000000000002,0.0,69.48,251.8,0.0,0.0
T000520,U0069,P032,52.76,2023-05-10,10,5,2023,0,0,False,False,True,False,False,False,3.984529696214894,7.263607918933951,-0.34238131211579703,0.18674757756680038,Books,Ira Nair,34.0,Chennai,2023-11-17,17,11,2023,True,False,False,6,92.42,High,2.0,720,0.0,52.76,108.65,0.0,0.0,92.78,207.91,0.0
T000521,U0043,P028,65.67,2025-05-12,12,5,2025,0,0,False,False,False,False,True,False,4.199755076629969,8.103702857336268,-0.031047307340641272,0.2499265929333464,Home,Ira Roy,31.0,Kolkata,2022-08-19,19,8,2022,False,True,False,7,111.08999999999999,High,2.0,131,102.49,168.36,0.0,0.0,55.58,322.53999999999996,0.0,17.57
T000522,U0077,P031,19.57,2025-01-09,9,1,2025,0,0,False,True,False,False,False,False,3.0238337036648657,4.4237992721189325,-1.1427822120760927,0.024322208084564936,Grocery,Vihaan Reddy,32.0,Hyderabad,2024-06-30,30,6,2024,True,False,False,6,52.965999999999994,Medium,1.0,49,36.49,0.0,0.0,61.69,19.57,104.96000000000001,0.0,42.12
T000523,U0065,P016,24.31,2025-10-12,12,10,2025,1,1,False,False,False,False,False,True,3.2311995745570328,4.93051721424842,-1.0284736774026426,0.04751884114710775,Books,Ira Gupta,38.0,Bengaluru,2023-09-02,2,9,2023,False,True,False,4,58.042500000000004,Low,0.0,20,166.07,24.31,41.79,0.0,0.0,0.0,0.0,0.0
T000524,U0153,P040,85.28,2025-07-26,26,7,2025,0,0,False,False,True,False,False,False,4.457597821520956,9.234717104492157,0.44186205235268194,0.34589409807184107,Grocery,Diya Gupta,26.0,Lucknow,2022-01-13,13,1,2022,False,False,True,5,72.48,Medium,1.0,98,50.63,0.0,0.0,28.77,160.31,0.0,0.0,50.21
T000525,U0028,P009,60.49,2023-01-14,14,1,2023,0,0,False,False,False,False,True,False,4.118874559965378,7.7775317421403045,-0.15596676084453798,0.2245766859156308,Clothing,Kiara Kulkarni,35.0,Nagpur,2023-01-26,26,1,2023,False,True,False,9,101.28,High,2.0,70,101.57000000000001,174.23000000000002,252.42000000000002,0.0,0.0,125.28,0.0,55.46
T000526,U0102,P022,48.89,2025-02-17,17,2,2025,0,0,True,False,False,False,False,False,3.909820581872946,6.992138442565336,-0.43570916637449975,0.1678085543701674,Electronics,Kiara Sharma,28.0,Vadodara,2023-12-05,5,12,2023,False,False,True,7,115.49000000000001,High,2.0,257,52.81,304.48,0.0,48.89,108.81,0.0,0.0,62.46
T000527,U0085,P029,55.21,2025-05-31,31,5,2025,0,0,False,False,False,False,True,False,4.029094677013983,7.430343195303969,-0.28329778680989987,0.1987373984535578,Clothing,Arjun Kapoor,25.0,Kanpur,2023-08-20,20,8,2023,False,True,False,6,78.62,High,2.0,114,33.94,229.31,55.21,28.28,0.0,46.36,0.0,0.0
T000528,U0167,P039,67.26,2024-09-07,7,9,2024,0,0,False,False,True,False,False,False,4.223323943478561,8.20121942152507,0.007296694796655287,0.2577077419986297,Grocery,Sai Bose,38.0,Kolkata,2022-11-10,10,11,2022,False,False,True,4,76.80250000000001,Medium,1.0,182,76.54,0.0,0.0,146.49,67.26,0.0,0.0,16.92
T000529,U0083,P039,39.49,2024-02-16,16,2,2024,1,1,False,False,False,False,False,True,3.7010550300440697,6.284106937345991,-0.6623969777522273,0.12180679260056769,Grocery,Arjun Khan,43.0,Thane,2023-07-19,19,7,2023,False,True,False,8,59.12375,High,2.0,9,0.0,103.51,71.42,0.0,99.24000000000001,140.98,0.0,57.84
T000530,U0123,P021,34.23,2025-03-26,26,3,2025,0,0,False,False,True,False,False,False,3.561897992353146,5.850640990524029,-0.7892456892252963,0.09606538122736615,Books,Aarohi Roy,43.0,Bhopal,2023-04-06,6,4,2023,False,True,False,7,60.01,Medium,1.0,220,172.5,106.53,14.6,0.0,0.0,66.43,0.0,0.0
T000531,U0082,P019,61.41,2025-10-02,2,10,2025,1,1,False,False,False,False,False,True,4.133725518945951,7.836453279386026,-0.13378029419905837,0.2290789860037193,Home,Ishaan Verma,34.0,Lucknow,2024-02-29,29,2,2024,False,True,False,7,66.91666666666667,High,2.0,30,0.0,188.73000000000002,0.0,61.47,38.92,112.38,0.0,0.0
T000532,U0148,P016,30.36,2025-02-09,9,2,2025,0,0,False,False,False,False,True,False,3.445533195482207,5.509990925582365,-0.882573543483999,0.07712635803073307,Books,Vihaan Iyer,21.0,Hyderabad,2023-08-16,16,8,2023,True,False,False,3,39.166666666666664,Low,0.0,265,0.0,67.84,0.0,0.0,49.66,0.0,0.0,0.0
T000533,U0072,P026,69.75,2023-08-22,22,8,2023,0,0,False,False,False,False,True,False,4.259152536523347,8.351646544245034,0.06734484908713832,0.2698933150631301,Beauty,Myra Kulkarni,44.0,Hyderabad,2022-03-17,17,3,2022,False,False,True,5,90.725,Medium,1.0,177,69.75,0.0,79.82,14.6,0.0,157.98,40.75,0.0
T000534,U0145,P013,19.66,2024-01-04,4,1,2024,0,0,True,False,False,False,False,False,3.0281994636914926,4.433959855479073,-1.140611796860774,0.024762650484486642,Beauty,Aarav Kulkarni,34.0,Kolkata,2022-05-10,10,5,2022,False,True,False,8,77.6557142857143,High,2.0,217,296.62,141.0,70.65,0.0,0.0,35.32,0.0,0.0
T000535,U0175,P050,101.24,2023-02-25,25,2,2023,0,0,True,False,False,False,False,False,4.627322990629224,10.061808982484212,0.8267490172025257,0.423999216991289,Toys,Muhammad Singh,34.0,Kanpur,2022-07-03,3,7,2022,False,True,False,6,79.61,Medium,1.0,257,0.0,0.0,121.2,74.53999999999999,0.0,21.46,0.0,101.24
T000536,U0187,P030,72.5,2024-03-05,5,3,2024,1,1,False,False,False,False,False,True,4.297285406218791,8.514693182963201,0.13366309177743096,0.2833512772829598,Home,Vivaan Kulkarni,35.0,Hyderabad,2024-08-28,28,8,2024,False,False,True,7,76.19800000000001,Medium,1.0,154,0.0,164.03,67.21,0.0,0.0,149.75,0.0,0.0
T000537,U0113,P019,63.66,2023-05-22,22,5,2023,1,1,False,False,False,False,False,True,4.169142772297287,7.978721702127478,-0.07951991381609166,0.24009004600176176,Home,Ira Kulkarni,32.0,Bengaluru,2024-04-18,18,4,2024,True,False,False,3,69.23,Low,0.0,572,0.0,105.27,0.0,0.0,0.0,102.41999999999999,0.0,0.0
T000538,U0105,P044,98.46,2023-10-13,13,10,2023,0,0,False,False,False,True,False,False,4.599755553286593,9.922701245124737,0.7597073027737934,0.41039444063815206,Beauty,Kabir Amin,30.0,Indore,2022-12-01,1,12,2022,True,False,False,6,98.976,High,2.0,175,202.88,0.0,0.0,0.0,134.56,0.0,84.1,73.34
T000539,U0163,P020,148.31,2024-06-01,1,6,2024,0,0,False,False,True,False,False,False,5.006024681538572,12.178259317324459,1.9618761748141895,0.6543505921503378,Toys,Sara Khan,41.0,Mumbai,2023-06-14,14,6,2023,False,False,True,7,153.566,High,2.0,282,76.58,62.47,58.96,0.0,0.0,297.73,0.0,272.09000000000003
T000540,U0169,P010,100.35,2025-05-16,16,5,2025,1,1,False,False,False,False,False,True,4.618579872898009,10.0174847142384,0.8052860222954855,0.41964373103650776,Sports,Diya Mukherjee,30.0,Vadodara,2022-12-05,5,12,2022,False,False,True,4,71.0775,Medium,1.0,169,0.0,23.46,0.0,0.0,52.59,0.0,208.26,0.0
T000541,U0097,P005,18.09,2025-09-08,8,9,2025,0,0,False,False,False,True,False,False,2.949164637737656,4.253234063627348,-1.1784734845057774,0.01707937750807477,Books,Aarohi Nair,34.0,Hyderabad,2024-06-17,17,6,2024,False,True,False,6,102.16799999999999,High,2.0,54,0.0,18.09,84.39,70.48,0.0,191.14,0.0,146.74
T000542,U0150,P026,25.34,2025-05-06,6,5,2025,0,0,True,False,False,False,False,False,3.271088696315135,5.033885179461287,-1.0036344810495512,0.05255945972398943,Beauty,Muhammad Gupta,34.0,Kolkata,2022-04-15,15,4,2022,False,False,True,9,76.415,High,2.0,91,25.34,139.48000000000002,30.15,58.45,0.0,84.41,101.44,19.22
T000543,U0140,P003,37.53,2023-06-24,24,6,2023,0,0,False,False,False,False,True,False,3.6514371586380663,6.126173356998641,-0.709663797996945,0.11221493589116179,Beauty,Ishaan Bose,22.0,Chennai,2023-04-11,11,4,2023,True,False,False,4,79.74333333333333,Low,0.0,494,62.91,66.86,109.46,0.0,0.0,0.0,0.0,0.0
T000544,U0028,P050,55.46,2024-12-28,28,12,2024,0,0,False,False,True,False,False,False,4.033532422825343,7.447147104764348,-0.27726885565623693,0.19996084956445137,Toys,Kiara Kulkarni,35.0,Nagpur,2023-01-26,26,1,2023,False,True,False,9,101.28,High,2.0,70,101.57000000000001,174.23000000000002,252.42000000000002,0.0,0.0,125.28,0.0,55.46
T000545,U0043,P042,74.48,2023-04-01,1,4,2023,0,0,True,False,False,False,False,False,4.32386772050035,8.630179604156567,0.18141222651444178,0.2930410100812372,Home,Ira Roy,31.0,Kolkata,2022-08-19,19,8,2022,False,True,False,7,111.08999999999999,High,2.0,131,102.49,168.36,0.0,0.0,55.58,322.53999999999996,0.0,17.57
T000546,U0145,P042,35.32,2025-03-29,29,3,2025,1,1,False,False,False,False,False,True,3.5923685537330927,5.94306318324145,-0.7629595493953256,0.1013996280708623,Home,Aarav Kulkarni,34.0,Kolkata,2022-05-10,10,5,2022,False,True,False,8,77.6557142857143,High,2.0,217,296.62,141.0,70.65,0.0,0.0,35.32,0.0,0.0
T000547,U0193,P022,61.07,2023-08-05,5,8,2023,0,0,False,False,False,True,False,False,4.128262780425561,7.814729681825213,-0.1419796405680399,0.22741509249290398,Electronics,Ishaan Chopra,33.0,Chennai,2023-03-12,12,3,2023,False,False,True,5,88.7475,Medium,1.0,249,0.0,136.95999999999998,0.0,91.61,126.42,0.0,0.0,0.0
T000548,U0003,P007,34.7,2024-03-30,30,3,2024,0,0,False,False,False,False,True,False,3.5751506887855933,5.890670590009257,-0.7779112986564097,0.09836546931584615,Books,Aarohi Gupta,37.0,Indore,2022-02-02,2,2,2022,False,False,True,4,40.5975,Low,0.0,0,44.45,34.7,0.0,0.0,24.37,58.87,0.0,0.0
T000549,U0131,P048,37.83,2024-03-28,28,3,2024,0,0,True,False,False,False,False,False,3.659193143743576,6.150609725872712,-0.7024290806125495,0.11368307722423411,Clothing,Muhammad Mukherjee,19.0,Patna,2024-08-26,26,8,2024,True,False,False,5,73.65,Medium,1.0,101,61.67,0.0,37.83,0.0,0.0,57.89,146.23,64.63
T000550,U0115,P024,23.48,2025-08-06,6,8,2025,0,0,False,False,False,True,False,False,3.1978564576441255,4.845616575834287,-1.0484897288328037,0.04345698345894099,Home,Aarav Verma,30.0,Bhopal,2023-09-18,18,9,2023,False,True,False,6,44.77333333333333,Medium,1.0,17,0.0,30.12,0.0,0.0,118.68,80.47,39.37,0.0
T000551,U0198,P044,31.38,2025-10-21,21,10,2025,0,0,True,False,False,False,False,False,3.477540948249489,5.601785429664367,-0.8579755043770542,0.08211803856317902,Beauty,Kabir Bose,33.0,Visakhapatnam,2023-07-07,7,7,2023,True,False,False,3,80.575,Low,0.0,3,31.38,0.0,78.01,0.0,0.0,51.76,0.0,0.0
T000552,U0039,P023,24.26,2025-09-15,15,9,2025,0,0,False,True,False,False,False,False,3.229222116922345,4.9254441424099005,-1.0296794636333753,0.04727415092492905,Books,Meera Gupta,21.0,Ahmedabad,2022-05-12,12,5,2022,False,False,True,6,61.31,Medium,1.0,44,0.0,24.26,97.15,0.0,0.0,0.0,49.9,135.24
T000553,U0027,P019,30.4,2023-06-25,25,6,2023,0,0,False,False,False,True,False,False,3.4468078929142076,5.513619500836088,-0.8816089144994129,0.07732211020847606,Home,Vihaan Reddy,22.0,Pune,2024-03-22,22,3,2024,False,False,True,4,80.48666666666666,Low,0.0,311,0.0,87.49,54.2,0.0,69.37,30.4,0.0,0.0
T000554,U0030,P047,102.74,2024-12-14,14,12,2024,0,0,False,False,True,False,False,False,4.6418877689232545,10.136074190730847,0.8629226041245035,0.4313399236566507,Electronics,Aarohi Sharma,29.0,Hyderabad,2023-11-30,30,11,2023,False,False,True,9,118.80199999999999,High,2.0,33,168.95,176.11,0.0,102.74,0.0,146.21,0.0,0.0
T000555,U0080,P022,30.89,2024-02-28,28,2,2024,0,0,False,False,False,True,False,False,3.4622924810219664,5.5578772926361015,-0.8697922094382334,0.07972007438582755,Electronics,Ishaan Amin,18.0,Jaipur,2024-07-16,16,7,2024,True,False,False,7,62.01285714285715,High,2.0,200,0.0,0.0,59.05,101.83,138.17,43.27,91.77,0.0
T000556,U0134,P031,218.94,2025-09-02,2,9,2025,0,0,False,False,False,False,True,False,5.393354781882788,14.796621235944373,3.6651698043470513,1.0,Grocery,Aarohi Kulkarni,35.0,Bhopal,2022-08-13,13,8,2022,False,True,False,2,146.225,Medium,1.0,60,73.51,0.0,0.0,0.0,218.94,0.0,0.0,0.0
T000557,U0025,P029,73.4,2025-07-15,15,7,2025,1,1,False,False,False,False,False,True,4.309455941839047,8.567379996241558,0.1553672439306178,0.28775570128217676,Clothing,Saanvi Bose,27.0,Kolkata,2022-05-22,22,5,2022,True,False,False,6,93.3625,Medium,1.0,30,0.0,0.0,99.75,0.0,0.0,187.25,0.0,86.45
T000558,U0082,P005,61.0,2023-04-02,2,4,2023,0,0,False,False,False,False,True,False,4.127134385045092,7.810249675906654,-0.14366774129106555,0.22707252618185375,Books,Ishaan Verma,34.0,Lucknow,2024-02-29,29,2,2024,False,True,False,7,66.91666666666667,High,2.0,30,0.0,188.73000000000002,0.0,61.47,38.92,112.38,0.0,0.0
T000559,U0182,P008,32.62,2024-12-03,3,12,2024,0,0,False,True,False,False,False,False,3.5151211279804695,5.711392124517454,-0.8280720058548857,0.0881863560732113,Books,Vivaan Reddy,25.0,Patna,2024-08-29,29,8,2024,False,True,False,11,109.83833333333332,High,2.0,4,0.0,104.02,236.67,0.0,55.53,262.81,0.0,0.0
T000560,U0166,P007,83.11,2023-12-03,3,12,2023,1,1,False,False,False,False,False,True,4.432125465974346,9.116468614545875,0.3895309299388873,0.3352745424292845,Books,Meera Roy,35.0,Bengaluru,2022-10-29,29,10,2022,False,True,False,5,83.738,High,2.0,192,0.0,132.34,0.0,0.0,0.0,189.78,96.57,0.0
T000561,U0190,P016,38.65,2023-12-24,24,12,2023,0,0,True,False,False,False,False,False,3.680090948080857,6.216912416947821,-0.6826541864285349,0.11769599686796516,Books,Aarav Mukherjee,19.0,Ghaziabad,2023-04-27,27,4,2023,True,False,False,5,66.605,Medium,1.0,85,67.22,38.65,0.0,15.66,106.19,0.0,38.7,0.0
T000562,U0142,P011,58.74,2025-05-23,23,5,2025,0,0,False,False,False,False,True,False,4.090001812787964,7.664202502543889,-0.19816927892017874,0.21601252813937555,Electronics,Kiara Khan,42.0,Bhopal,2022-01-20,20,1,2022,False,True,False,7,98.89250000000001,High,2.0,46,0.0,58.52,53.38,82.19,0.0,125.42,0.0,76.06
T000563,U0119,P015,218.94,2024-01-13,13,1,2024,0,0,False,False,False,True,False,False,5.393354781882788,14.796621235944373,3.6651698043470513,1.0,Books,Ira Roy,41.0,Vadodara,2022-09-13,13,9,2022,False,True,False,6,109.14833333333333,High,2.0,116,33.16,218.94,0.0,0.0,0.0,238.55,0.0,164.24
T000564,U0048,P041,51.54,2025-06-04,4,6,2025,1,1,False,False,False,False,False,True,3.961574784257394,7.179136438319027,-0.3718024961456723,0.18077713614563962,Home,Meera Das,40.0,Ahmedabad,2024-01-11,11,1,2024,False,False,True,5,87.88250000000001,Medium,1.0,66,0.0,0.0,80.2,0.0,0.0,256.73,14.6,0.0
T000565,U0102,P002,108.81,2024-02-09,9,2,2024,1,1,False,False,False,False,False,True,4.698751599609622,10.431203190428226,1.0093050525354406,0.46104531662914755,Grocery,Kiara Sharma,28.0,Vadodara,2023-12-05,5,12,2023,False,False,True,7,115.49000000000001,High,2.0,257,52.81,304.48,0.0,48.89,108.81,0.0,0.0,62.46
T000566,U0116,P038,35.81,2025-03-07,7,3,2025,0,0,False,False,False,True,False,False,3.60576954739093,5.984145720150872,-0.7511428443341461,0.10379759224821376,Home,Aditya Roy,34.0,Patna,2022-07-19,19,7,2022,True,False,False,11,94.10666666666667,High,2.0,124,32.99,35.78,159.60999999999999,56.14,0.0,168.49,111.63,0.0
T000567,U0002,P046,53.46,2024-02-26,26,2,2024,0,0,False,False,True,False,False,False,3.9974664872456134,7.311634564172365,-0.32550030488554066,0.1901732406773025,Toys,Sai Reddy,30.0,Hyderabad,2023-11-24,24,11,2023,False,False,True,6,129.68,High,2.0,553,187.02,0.0,45.02,0.0,0.0,0.0,0.0,157.0
T000568,U0072,P049,157.98,2023-05-09,9,5,2023,1,1,False,False,False,False,False,True,5.068778408144967,12.569009507514902,2.195075231837873,0.7016736811197024,Home,Myra Kulkarni,44.0,Hyderabad,2022-03-17,17,3,2022,False,False,True,5,90.725,Medium,1.0,177,69.75,0.0,79.82,14.6,0.0,157.98,40.75,0.0
T000569,U0148,P007,37.48,2024-01-18,18,1,2024,0,0,True,False,False,False,False,False,3.6501386257975055,6.1220911460055865,-0.7108695842276777,0.11197024566898305,Books,Vihaan Iyer,21.0,Hyderabad,2023-08-16,16,8,2023,True,False,False,3,39.166666666666664,Low,0.0,265,0.0,67.84,0.0,0.0,49.66,0.0,0.0,0.0
T000570,U0094,P021,161.98,2025-07-26,26,7,2025,0,0,False,False,True,False,False,False,5.093627493892074,12.727136362905837,2.2915381302964803,0.7212488988940002,Books,Kabir Ghosh,29.0,Mumbai,2023-11-07,7,11,2023,False,True,False,5,80.005,Medium,1.0,98,74.34,161.98,0.0,0.0,0.0,31.85,37.25,14.6
T000571,U0030,P017,83.48,2025-09-29,29,9,2025,1,1,False,False,False,False,False,True,4.436514819957951,9.136739024400336,0.3984537480463086,0.33708525007340706,Beauty,Aarohi Sharma,29.0,Hyderabad,2023-11-30,30,11,2023,False,False,True,9,118.80199999999999,High,2.0,33,168.95,176.11,0.0,102.74,0.0,146.21,0.0,0.0
T000572,U0136,P041,38.96,2025-03-06,6,3,2025,0,0,False,False,False,False,True,False,3.687878953780353,6.241794613730894,-0.6751783117979928,0.11921307624547324,Home,Anaya Bose,44.0,Pune,2024-05-10,10,5,2024,False,False,True,5,86.9,Medium,1.0,240,0.0,92.16,54.93,0.0,37.57,162.94,0.0,0.0
T000573,U0157,P026,79.79,2023-08-22,22,8,2023,0,0,True,False,False,False,False,False,4.391853195491617,8.932524839036274,0.3094667242182433,0.3190271116766174,Beauty,Aarohi Joshi,46.0,Indore,2024-04-25,25,4,2024,True,False,False,5,56.39,Low,0.0,134,79.79,25.98,0.0,47.16,42.64,29.99,0.0,0.0
T000574,U0090,P023,97.86,2023-12-20,20,12,2023,0,0,False,False,False,True,False,False,4.593704707878813,9.892421341612982,0.7452378680050025,0.4074581579720074,Books,Sai Iyer,36.0,Indore,2022-01-26,26,1,2022,False,True,False,5,57.08,Medium,1.0,233,0.0,97.86,0.0,98.55,0.0,27.84,41.62,19.53
T000575,U0173,P046,79.29,2023-06-23,23,6,2023,0,0,False,False,False,False,True,False,4.385645080196593,8.904493247793498,0.29740886191091737,0.31658020945483023,Toys,Muhammad Joshi,31.0,Patna,2024-09-27,27,9,2024,True,False,False,6,105.595,High,2.0,128,0.0,0.0,180.04000000000002,0.0,0.0,0.0,0.0,242.34
T000576,U0173,P009,21.28,2023-08-30,30,8,2023,0,0,False,False,False,False,True,False,3.1036894150590832,4.613025037868319,-1.101544322985038,0.03269061368307723,Clothing,Muhammad Joshi,31.0,Patna,2024-09-27,27,9,2024,True,False,False,6,105.595,High,2.0,128,0.0,0.0,180.04000000000002,0.0,0.0,0.0,0.0,242.34
T000577,U0062,P020,35.29,2024-01-10,10,1,2024,0,0,False,True,False,False,False,False,3.591542221224979,5.940538696111658,-0.7636830211337652,0.10125281393755504,Toys,Muhammad Verma,30.0,Vadodara,2022-03-04,4,3,2022,False,False,True,7,95.504,High,2.0,122,114.33000000000001,225.56,0.0,0.0,0.0,102.34,0.0,35.29
T000578,U0096,P045,47.06,2025-03-06,6,3,2025,0,0,False,False,True,False,False,False,3.872450230308323,6.860029154456998,-0.47984094241931263,0.1588528922384262,Grocery,Aditya Khan,20.0,Visakhapatnam,2023-02-14,14,2,2023,True,False,False,6,102.89750000000001,High,2.0,46,108.61,0.0,0.0,58.3,200.99,0.0,0.0,43.69
T000579,U0108,P039,52.21,2025-02-24,24,2,2025,0,0,False,False,True,False,False,False,3.9742463486082777,7.22564875980005,-0.3556449606538555,0.1840559851228345,Grocery,Saanvi Singh,33.0,Vadodara,2024-05-03,3,5,2024,True,False,False,6,75.902,Medium,1.0,99,108.77,48.7,0.0,57.17,52.21,112.66,0.0,0.0
T000580,U0109,P012,79.23,2023-12-21,21,12,2023,0,0,False,False,False,True,False,False,4.3848975097655645,8.901123524589467,0.2959619184340382,0.31628658118821573,Sports,Aarav Singh,34.0,Chennai,2023-03-17,17,3,2023,True,False,False,3,49.00666666666667,Low,0.0,95,0.0,0.0,0.0,37.51,30.28,0.0,79.23,0.0
T000581,U0143,P011,60.74,2024-08-14,14,8,2024,0,0,False,False,False,True,False,False,4.122932019074013,7.793587107359486,-0.149937829690875,0.2258001370265244,Electronics,Aarohi Verma,19.0,Kolkata,2023-10-28,28,10,2023,True,False,False,3,39.68666666666667,Low,0.0,227,0.0,0.0,0.0,60.74,0.0,58.32000000000001,0.0,0.0
T000582,U0036,P012,24.5,2025-07-12,12,7,2025,0,0,False,False,False,False,True,False,3.2386784521643803,4.949747468305833,-1.023891689725859,0.048448663991386906,Sports,Ira Sharma,22.0,Lucknow,2023-05-16,16,5,2023,False,False,True,5,48.7025,Low,0.0,65,0.0,16.07,0.0,0.0,89.86,27.45,24.5,36.93
T000583,U0159,P004,68.59,2023-01-20,20,1,2023,0,0,False,False,False,False,True,False,4.2426208788567585,8.28190799272728,0.03937060853414224,0.26421650190858376,Toys,Aditya Khan,22.0,Kolkata,2024-02-08,8,2,2024,True,False,False,3,150.3,Medium,1.0,16,195.06,0.0,0.0,0.0,0.0,36.95,0.0,68.59
T000584,U0125,P009,78.76,2025-02-25,25,2,2025,0,0,False,False,True,False,False,False,4.379022125653583,8.874683092933516,0.28462752786515183,0.31398649309973575,Clothing,Ira Joshi,36.0,Kolkata,2022-10-09,9,10,2022,False,False,True,2,95.11,Low,0.0,133,0.0,111.46,78.76,0.0,0.0,0.0,0.0,0.0
T000585,U0144,P033,76.39,2025-10-10,10,10,2025,1,1,False,False,False,False,False,True,4.348857573282368,8.740137298692739,0.22747326052842679,0.30238817656846434,Clothing,Aditya Verma,33.0,Kolkata,2022-07-24,24,7,2022,False,True,False,2,57.815,Low,0.0,22,0.0,0.0,76.39,0.0,0.0,39.24,0.0,0.0
T000586,U0105,P044,104.42,2025-05-01,1,5,2025,0,0,False,False,False,True,False,False,4.6579523714270605,10.218610473053564,0.9034370214771188,0.43956151512185576,Beauty,Kabir Amin,30.0,Indore,2022-12-01,1,12,2022,True,False,False,6,98.976,High,2.0,175,202.88,0.0,0.0,0.0,134.56,0.0,84.1,73.34
T000587,U0182,P029,90.05,2023-12-09,9,12,2023,0,0,False,False,False,True,False,False,4.511408806173617,9.489467845985885,0.5568940587645713,0.3692375452676911,Clothing,Vivaan Reddy,25.0,Patna,2024-08-29,29,8,2024,False,True,False,11,109.83833333333332,High,2.0,4,0.0,104.02,236.67,0.0,55.53,262.81,0.0,0.0
T000588,U0022,P037,71.92,2024-03-27,27,3,2024,0,0,False,True,False,False,False,False,4.289362949810462,8.480566018845677,0.11967597150093293,0.2805128707056866,Clothing,Anaya Das,30.0,Bhopal,2023-02-10,10,2,2023,False,False,True,5,82.0875,Medium,1.0,188,0.0,43.6,71.92,0.0,0.0,134.29000000000002,0.0,78.54
T000589,U0075,P003,52.35,2024-04-05,5,4,2024,0,0,False,False,False,False,True,False,3.976873977747762,7.235329985563893,-0.3522687592078042,0.1847411177449349,Beauty,Reyansh Roy,18.0,Surat,2023-09-19,19,9,2023,False,False,True,2,84.96,Low,0.0,231,169.92,0.0,0.0,0.0,0.0,0.0,0.0,0.0
T000590,U0138,P019,20.15,2025-07-25,25,7,2025,0,0,False,False,True,False,False,False,3.0516399054922867,4.488875137492688,-1.1287950917995946,0.027160614661838098,Home,Aadhya Chopra,29.0,Mumbai,2022-03-27,27,3,2022,False,False,True,6,131.64000000000001,High,2.0,7,62.45,244.98000000000002,0.0,42.74,0.0,176.39000000000001,0.0,0.0
T000591,U0145,P048,70.65,2023-08-20,20,8,2023,0,0,False,False,False,True,False,False,4.271793154274181,8.40535543567314,0.08904900124032515,0.2742977390623471,Clothing,Aarav Kulkarni,34.0,Kolkata,2022-05-10,10,5,2022,False,True,False,8,77.6557142857143,High,2.0,217,296.62,141.0,70.65,0.0,0.0,35.32,0.0,0.0
T000592,U0147,P008,61.84,2025-01-21,21,1,2025,0,0,False,False,False,False,True,False,4.14059181338742,7.863841300535,-0.1234105326147579,0.23118332191445629,Books,Ishaan Mehta,22.0,Ghaziabad,2023-09-14,14,9,2023,False,True,False,12,75.10333333333334,High,2.0,7,40.02,257.28,32.85,103.53999999999999,77.19,141.2,0.0,23.85
T000593,U0139,P049,64.26,2025-06-22,22,6,2025,0,0,False,True,False,False,False,False,4.178379291165174,8.016233529532434,-0.06505047904730032,0.24302632866790647,Home,Kiara Reddy,38.0,Pune,2022-02-21,21,2,2022,True,False,False,4,85.75750000000001,Medium,1.0,132,73.92,110.12,0.0,0.0,94.73,64.26,0.0,0.0
T000594,U0140,P014,25.38,2023-07-29,29,7,2023,0,0,False,False,False,True,False,False,3.2726061472891685,5.037856687123999,-1.0026698520649653,0.05275521190173239,Beauty,Ishaan Bose,22.0,Chennai,2023-04-11,11,4,2023,True,False,False,4,79.74333333333333,Low,0.0,494,62.91,66.86,109.46,0.0,0.0,0.0,0.0,0.0
T000595,U0189,P042,28.54,2024-09-01,1,9,2024,0,0,False,False,True,False,False,False,3.3857452771032337,5.342284155677232,-0.9264641622826654,0.0682196339434276,Home,Sai Iyer,25.0,Bengaluru,2022-06-10,10,6,2022,False,False,True,3,55.54333333333333,Low,0.0,426,0.0,0.0,0.0,138.09,0.0,28.54,0.0,0.0
T000596,U0009,P029,102.71,2024-12-14,14,12,2024,0,0,False,False,False,False,True,False,4.641598542601643,10.134594219799823,0.8621991323860639,0.4311931095233434,Clothing,Aditya Bose,28.0,Kanpur,2024-05-17,17,5,2024,False,True,False,3,60.51666666666667,Low,0.0,322,0.0,0.0,142.42,0.0,39.13,0.0,0.0,0.0
T000597,U0023,P029,53.32,2024-04-30,30,4,2024,0,0,False,True,False,False,False,False,3.9948924832504407,7.302054505411474,-0.32887650633159193,0.1894881080552021,Clothing,Myra Reddy,32.0,Ahmedabad,2022-09-10,10,9,2022,True,False,False,5,49.03,Medium,1.0,324,30.77,0.0,53.32,34.44,0.0,82.61,44.01,0.0
T000598,U0054,P048,82.18,2024-12-19,19,12,2024,0,0,True,False,False,False,False,False,4.421006934314765,9.065318527222306,0.36710330604726127,0.33072330429676033,Clothing,Aarohi Roy,36.0,Indore,2022-07-07,7,7,2022,False,True,False,2,75.07,Low,0.0,317,0.0,0.0,82.18,0.0,67.96,0.0,0.0,0.0
T000599,U0182,P040,55.53,2025-05-26,26,5,2025,1,1,False,False,False,False,False,True,4.0347714706871995,7.451845409024532,-0.27558075493321127,0.2003034158755016,Grocery,Vivaan Reddy,25.0,Patna,2024-08-29,29,8,2024,False,True,False,11,109.83833333333332,High,2.0,4,0.0,104.02,236.67,0.0,55.53,262.81,0.0,0.0
T000600,U0043,P040,55.58,2024-02-28,28,2,2024,0,0,False,False,True,False,False,False,4.035655565873421,7.455199527846321,-0.27437496870247874,0.2005481060976803,Grocery,Ira Roy,31.0,Kolkata,2022-08-19,19,8,2022,False,True,False,7,111.08999999999999,High,2.0,131,102.49,168.36,0.0,0.0,55.58,322.53999999999996,0.0,17.57
T000601,U0053,P004,95.87,2024-12-19,19,12,2024,0,0,True,False,False,False,False,False,4.573369873438294,9.791322688993557,0.6972475760218454,0.39771948712929434,Toys,Anaya Patel,26.0,Chennai,2022-07-14,14,7,2022,False,True,False,5,65.935,Medium,1.0,176,0.0,114.33,0.0,0.0,29.02,24.52,0.0,95.87
T000602,U0137,P018,40.06,2023-12-11,11,12,2023,0,0,True,False,False,False,False,False,3.7150344115907874,6.329296959378664,-0.6486510147218757,0.12459626113340512,Electronics,Myra Reddy,25.0,Vadodara,2022-01-28,28,1,2022,False,False,True,5,62.870000000000005,Medium,1.0,404,0.0,0.0,14.6,208.94,0.0,56.57,34.24,0.0
T000603,U0083,P046,57.84,2024-08-15,15,8,2024,0,0,False,False,False,False,True,False,4.074821895733237,7.605261336732617,-0.2198734310733654,0.21160810414015857,Toys,Arjun Khan,43.0,Thane,2023-07-19,19,7,2023,False,True,False,8,59.12375,High,2.0,9,0.0,103.51,71.42,0.0,99.24000000000001,140.98,0.0,57.84
T000604,U0147,P018,41.37,2023-07-15,15,7,2023,0,0,True,False,False,False,False,False,3.7464405646384678,6.431951492354401,-0.6170594154766819,0.13100714495448762,Electronics,Ishaan Mehta,22.0,Ghaziabad,2023-09-14,14,9,2023,False,True,False,12,75.10333333333334,High,2.0,7,40.02,257.28,32.85,103.53999999999999,77.19,141.2,0.0,23.85
T000605,U0035,P049,42.07,2023-05-02,2,5,2023,0,0,False,False,False,True,False,False,3.7628266990660193,6.486139067272609,-0.6001784082464255,0.13443280806498975,Home,Muhammad Reddy,38.0,Pune,2023-07-07,7,7,2023,True,False,False,5,64.02250000000001,Medium,1.0,98,24.96,122.17,66.89,0.0,0.0,42.07,0.0,0.0
T000606,U0071,P042,45.35,2023-09-29,29,9,2023,0,0,False,False,True,False,False,False,3.836221292011864,6.734240862933253,-0.5210788315103674,0.15048448663991387,Home,Kabir Roy,34.0,Bengaluru,2022-01-10,10,1,2022,True,False,False,9,82.455,High,2.0,315,156.49,36.11,0.0,52.49,29.53,299.53,85.49,0.0
T000607,U0064,P010,62.38,2024-10-21,21,10,2024,1,1,False,False,False,False,False,True,4.149148354262775,7.8981010375912515,-0.11038804132284591,0.2338259763139865,Sports,Ira Amin,22.0,Delhi,2024-09-10,10,9,2024,False,True,False,7,81.41333333333334,High,2.0,231,140.39,0.0,0.0,68.68,90.41,40.97,122.71000000000001,25.32
T000608,U0064,P049,40.97,2025-03-15,15,3,2025,1,1,False,False,False,False,False,True,3.7369550773454994,6.400781202322104,-0.6267057053225426,0.12904962317705782,Home,Ira Amin,22.0,Delhi,2024-09-10,10,9,2024,False,True,False,7,81.41333333333334,High,2.0,231,140.39,0.0,0.0,68.68,90.41,40.97,122.71000000000001,25.32
T000609,U0126,P010,115.98,2024-07-04,4,7,2024,0,0,True,False,False,False,False,False,4.76200298001488,10.769401097554125,1.1822147980224944,0.4961338944895762,Sports,Myra Gupta,49.0,Surat,2022-08-29,29,8,2022,False,False,True,6,79.382,High,2.0,462,47.24,16.46,0.0,0.0,0.0,68.66,115.98,148.57
T000610,U0161,P027,31.92,2025-07-14,14,7,2025,0,0,False,False,False,True,False,False,3.494080375808869,5.649778756730214,-0.8449530130851419,0.08476069296270923,Toys,Aarav Joshi,24.0,Pune,2023-05-15,15,5,2023,True,False,False,5,59.246,Medium,1.0,20,89.47,134.08,0.0,0.0,0.0,0.0,40.76,31.92
T000611,U0020,P041,48.81,2025-04-05,5,4,2025,0,0,False,True,False,False,False,False,3.908215767085192,6.986415389883427,-0.43763842434367184,0.16741705001468143,Home,Vivaan Ghosh,20.0,Lucknow,2023-02-15,15,2,2023,False,True,False,4,95.53333333333335,Medium,1.0,210,0.0,0.0,123.15,0.0,36.71,48.81,0.0,77.93
T000612,U0132,P048,41.94,2025-01-25,25,1,2025,0,0,False,False,False,False,True,False,3.759803792450635,6.476109943476871,-0.6033134524463303,0.13379661348732502,Clothing,Aarav Chopra,32.0,Bhopal,2022-01-07,7,1,2022,True,False,False,6,79.0025,Medium,1.0,66,52.58,0.0,120.87,20.06,0.0,57.95,0.0,64.55
T000613,U0117,P032,130.08,2023-01-06,6,1,2023,0,0,False,False,False,False,True,False,4.8758078238306135,11.405261943506602,1.522246515089086,0.5651365371439758,Books,Aadhya Joshi,31.0,Kolkata,2022-06-01,1,6,2022,True,False,False,13,143.5614285714286,High,2.0,56,0.0,165.31,458.83,102.63,127.18,43.33,20.75,86.9
T000614,U0199,P047,61.43,2025-07-27,27,7,2025,0,0,False,True,False,False,False,False,4.134045929073653,7.83772926299448,-0.13329797970676527,0.22917686209259075,Electronics,Meera Roy,32.0,Ghaziabad,2022-02-10,10,2,2022,False,True,False,9,92.57285714285715,High,2.0,81,0.0,288.35,40.28,61.43,0.0,218.94,39.01,0.0
T000615,U0163,P043,101.4,2025-01-03,3,1,2025,1,1,False,False,False,False,False,True,4.628886712605407,10.069756700139283,0.8306075331408702,0.42478222570226093,Home,Sara Khan,41.0,Mumbai,2023-06-14,14,6,2023,False,False,True,7,153.566,High,2.0,282,76.58,62.47,58.96,0.0,0.0,297.73,0.0,272.09000000000003
T000616,U0017,P035,22.39,2024-03-22,22,3,2024,0,0,False,False,False,True,False,False,3.1523085805960878,4.731807265728392,-1.0747758686627744,0.03812273661544485,Sports,Ishaan Gupta,23.0,Pune,2023-07-01,1,7,2023,False,False,True,5,91.42,Medium,1.0,55,0.0,83.98,55.29,53.77,0.0,0.0,22.39,150.25
T000617,U0110,P014,64.09,2024-07-03,3,7,2024,0,0,False,False,False,True,False,False,4.175770927584296,8.005623023850173,-0.06915015223179119,0.24219438191249876,Beauty,Saanvi Kulkarni,31.0,Lucknow,2023-04-22,22,4,2023,False,False,True,5,59.848,Medium,1.0,52,64.09,0.0,103.32,33.82,0.0,0.0,98.01,0.0
T000618,U0083,P019,93.11,2023-09-25,25,9,2023,0,0,False,False,False,False,True,False,4.544464310870697,9.649352309870336,0.6306881760854061,0.38421258686502885,Home,Arjun Khan,43.0,Thane,2023-07-19,19,7,2023,False,True,False,8,59.12375,High,2.0,9,0.0,103.51,71.42,0.0,99.24000000000001,140.98,0.0,57.84
T000619,U0145,P032,57.36,2023-04-10,10,4,2023,0,0,False,False,False,False,True,False,4.066630723654585,7.573638491504595,-0.23144897888839838,0.2092590780072428,Books,Aarav Kulkarni,34.0,Kolkata,2022-05-10,10,5,2022,False,True,False,8,77.6557142857143,High,2.0,217,296.62,141.0,70.65,0.0,0.0,35.32,0.0,0.0
T000620,U0012,P007,103.47,2025-07-30,30,7,2025,1,1,False,False,False,False,False,True,4.648899948849417,10.172020448268869,0.8805270830931995,0.43491240090045996,Books,Aarohi Singh,28.0,Ghaziabad,2024-06-25,25,6,2024,False,False,True,8,122.76199999999999,High,2.0,27,49.85,185.72,0.0,215.85,54.06,23.59,0.0,84.74
T000621,U0005,P008,40.03,2025-06-22,22,6,2025,0,0,False,False,True,False,False,False,3.714303506454095,6.326926584053272,-0.6493744864603153,0.12444944700009787,Books,Sara Sharma,30.0,Chennai,2024-01-04,4,1,2024,False,False,True,6,57.94833333333333,Medium,1.0,132,103.03,68.07,48.34,0.0,0.0,128.25,0.0,0.0
T000622,U0117,P001,127.18,2024-02-19,19,2,2024,0,0,False,False,False,True,False,False,4.853435526076081,11.27741105041401,1.4523109137065955,0.55094450425761,Grocery,Aadhya Joshi,31.0,Kolkata,2022-06-01,1,6,2022,True,False,False,13,143.5614285714286,High,2.0,56,0.0,165.31,458.83,102.63,127.18,43.33,20.75,86.9
T000623,U0177,P009,216.88,2024-09-10,10,9,2024,1,1,False,False,False,False,False,True,5.383944452515474,14.726846234004075,3.6154914116408685,0.9899187628462367,Clothing,Ishaan Verma,32.0,Vadodara,2022-10-27,27,10,2022,False,True,False,5,96.5125,High,2.0,10,0.0,0.0,252.76,25.77,0.0,38.34,0.0,69.18
T000624,U0041,P018,43.92,2025-01-08,8,1,2025,0,0,False,True,False,False,False,False,3.8048831298702424,6.627216610312357,-0.5555643177093195,0.14348634628560242,Electronics,Sara Mukherjee,37.0,Vadodara,2024-02-13,13,2,2024,False,True,False,5,96.9475,High,2.0,44,0.0,224.42000000000002,56.21,43.92,0.0,63.24,0.0,0.0
T000625,U0065,P006,41.79,2023-12-05,5,12,2023,0,0,False,False,False,False,True,False,3.7563044304287256,6.4645185435575945,-0.6069308111385281,0.1330625428207889,Clothing,Ira Gupta,38.0,Bengaluru,2023-09-02,2,9,2023,False,True,False,4,58.042500000000004,Low,0.0,20,166.07,24.31,41.79,0.0,0.0,0.0,0.0,0.0
T000626,U0014,P026,130.59,2024-09-17,17,9,2024,1,1,False,False,False,False,False,True,4.879691028162049,11.427598172844545,1.5345455346425583,0.5676323774101988,Beauty,Sai Singh,18.0,Kolkata,2024-06-06,6,6,2024,False,True,False,5,114.965,High,2.0,275,227.37,0.0,0.0,52.85,0.0,138.48,41.16,0.0
T000627,U0186,P045,140.86,2025-05-29,29,5,2025,0,0,False,False,True,False,False,False,4.954840655773941,11.868445559549912,1.7822140264350332,0.6178917490457082,Grocery,Saanvi Mukherjee,37.0,Patna,2023-09-28,28,9,2023,True,False,False,3,90.67,Medium,1.0,33,0.0,0.0,0.0,102.55,140.86,0.0,0.0,28.6
T000628,U0168,P006,39.9,2023-07-14,14,7,2023,1,1,False,False,False,False,False,True,3.711130063048756,6.316644678941502,-0.6525095306602201,0.1238132524224332,Clothing,Saanvi Mehta,47.0,Vadodara,2023-06-28,28,6,2023,True,False,False,5,64.9375,Medium,1.0,504,0.0,87.46,39.9,0.0,106.16,26.23,0.0,0.0
T000629,U0001,P014,42.43,2023-06-09,9,6,2023,0,0,False,False,False,True,False,False,3.7711504465467307,6.513831437794503,-0.5914967473851508,0.13619457766467652,Beauty,Vihaan Sharma,35.0,Jaipur,2022-09-08,8,9,2022,False,False,True,3,77.47333333333334,Low,0.0,438,42.43,0.0,0.0,44.93,145.06,0.0,0.0,0.0
T000630,U0034,P038,46.11,2025-06-30,30,6,2025,0,0,False,False,True,False,False,False,3.85248529271195,6.790434448545984,-0.5027508808032319,0.15420377801703045,Home,Vihaan Singh,23.0,Visakhapatnam,2023-09-16,16,9,2023,False,False,True,9,136.374,High,2.0,5,103.98,84.49,51.52,39.12,247.26999999999998,46.11,109.38,0.0
T000631,U0003,P001,24.37,2024-12-04,4,12,2024,1,1,False,False,False,False,False,True,3.2335673736111907,4.9365980188789935,-1.0270267339257635,0.04781246941372223,Grocery,Aarohi Gupta,37.0,Indore,2022-02-02,2,2,2022,False,False,True,4,40.5975,Low,0.0,0,44.45,34.7,0.0,0.0,24.37,58.87,0.0,0.0
T000632,U0031,P028,31.46,2023-09-28,28,9,2023,1,1,False,False,False,False,False,True,3.480008562086445,5.608921464952063,-0.8560462464078819,0.08250954291866498,Home,Aarohi Khan,27.0,Lucknow,2022-04-25,25,4,2022,False,False,True,4,131.71333333333334,High,2.0,15,0.0,0.0,0.0,0.0,64.81,330.33000000000004,0.0,0.0
T000633,U0123,P005,29.89,2025-02-23,23,2,2025,0,0,False,False,True,False,False,False,3.43043250693049,5.4671747731346585,-0.8939079340528853,0.0748262699422531,Books,Aarohi Roy,43.0,Bhopal,2023-04-06,6,4,2023,False,True,False,7,60.01,Medium,1.0,220,172.5,106.53,14.6,0.0,0.0,66.43,0.0,0.0
T000634,U0023,P047,34.44,2023-07-31,31,7,2023,0,0,False,True,False,False,False,False,3.56784112573688,5.868560300448483,-0.7841813870562193,0.09709308016051678,Electronics,Myra Reddy,32.0,Ahmedabad,2022-09-10,10,9,2022,True,False,False,5,49.03,Medium,1.0,324,30.77,0.0,53.32,34.44,0.0,82.61,44.01,0.0
T000635,U0081,P024,53.47,2023-10-08,8,10,2023,0,0,False,False,False,False,True,False,3.9976500913955832,7.312318373812781,-0.3252591476393942,0.19022217872173824,Home,Vivaan Gupta,30.0,Indore,2024-04-29,29,4,2024,False,False,True,6,67.86800000000001,Medium,1.0,207,0.0,0.0,74.56,0.0,0.0,86.89,63.6,114.28999999999999
T000636,U0098,P050,62.84,2023-10-20,20,10,2023,0,0,False,False,True,False,False,False,4.1563799531415535,7.927168473042566,-0.09929480800010602,0.23607712635803074,Toys,Ishaan Iyer,34.0,Jaipur,2022-02-09,9,2,2022,False,False,True,3,66.34666666666668,Low,0.0,432,0.0,0.0,0.0,0.0,82.2,0.0,54.0,62.84
T000637,U0018,P034,138.42,2023-01-18,18,1,2023,0,0,True,False,False,False,False,False,4.937490960058253,11.765202930676546,1.723371658375282,0.6059508662033865,Books,Sai Iyer,34.0,Nagpur,2022-10-04,4,10,2022,True,False,False,5,112.43599999999999,High,2.0,339,0.0,138.42,0.0,104.94,279.89,0.0,38.93,0.0
T000638,U0157,P042,29.99,2025-06-20,20,6,2025,0,0,False,False,True,False,False,False,3.433664571799657,5.476312628037227,-0.8914963615914202,0.07531565038661055,Home,Aarohi Joshi,46.0,Indore,2024-04-25,25,4,2024,True,False,False,5,56.39,Low,0.0,134,79.79,25.98,0.0,47.16,42.64,29.99,0.0,0.0
T000639,U0090,P047,98.55,2023-11-07,7,11,2023,0,0,False,False,True,False,False,False,4.6006600305102054,9.927235264664578,0.7618777179891122,0.41083488303807375,Electronics,Sai Iyer,36.0,Indore,2022-01-26,26,1,2022,False,True,False,5,57.08,Medium,1.0,233,0.0,97.86,0.0,98.55,0.0,27.84,41.62,19.53
T000640,U0106,P040,48.02,2025-06-25,25,6,2025,1,1,False,False,False,False,False,True,3.8922283780999667,6.929646455628166,-0.4566898467892468,0.1635509445042576,Grocery,Aadhya Singh,35.0,Ahmedabad,2022-07-16,16,7,2022,False,False,True,5,50.555,Low,0.0,68,0.0,0.0,38.0,44.22,48.02,0.0,0.0,71.97999999999999
T000641,U0056,P006,53.0,2023-10-14,14,10,2023,0,0,False,True,False,False,False,False,3.9889840465642745,7.280109889280518,-0.33659353820828053,0.18792209063325827,Clothing,Aarohi Patel,39.0,Vadodara,2024-05-06,6,5,2024,False,True,False,3,77.48333333333333,Low,0.0,220,38.77,140.68,53.0,0.0,0.0,0.0,0.0,0.0
T000642,U0193,P008,81.85,2025-02-25,25,2,2025,0,0,True,False,False,False,False,False,4.417031743872572,9.047098982546835,0.35914511692442586,0.3291083488303807,Books,Ishaan Chopra,33.0,Chennai,2023-03-12,12,3,2023,False,False,True,5,88.7475,Medium,1.0,249,0.0,136.95999999999998,0.0,91.61,126.42,0.0,0.0,0.0
T000643,U0090,P028,27.84,2023-10-14,14,10,2023,0,0,False,False,False,False,True,False,3.3617633124167483,5.276362383309167,-0.9433451695129216,0.06479397083292553,Home,Sai Iyer,36.0,Indore,2022-01-26,26,1,2022,False,True,False,5,57.08,Medium,1.0,233,0.0,97.86,0.0,98.55,0.0,27.84,41.62,19.53
T000644,U0064,P018,68.68,2023-06-22,22,6,2023,1,1,False,False,False,False,False,True,4.243913332544247,8.287339742040265,0.04154102374946099,0.26465694430850545,Electronics,Ira Amin,22.0,Delhi,2024-09-10,10,9,2024,False,True,False,7,81.41333333333334,High,2.0,231,140.39,0.0,0.0,68.68,90.41,40.97,122.71000000000001,25.32
T000645,U0064,P036,60.33,2024-08-06,6,8,2024,0,0,True,False,False,False,False,False,4.116269119637892,7.767238891652554,-0.15982527678288236,0.22379367720465887,Sports,Ira Amin,22.0,Delhi,2024-09-10,10,9,2024,False,True,False,7,81.41333333333334,High,2.0,231,140.39,0.0,0.0,68.68,90.41,40.97,122.71000000000001,25.32
T000646,U0200,P045,73.37,2024-09-09,9,9,2024,0,0,False,True,False,False,False,False,4.309052634715209,8.565628990331067,0.1546437721921782,0.28760888714886956,Grocery,Kiara Nair,22.0,Jaipur,2022-01-27,27,1,2022,False,False,True,6,68.578,Medium,1.0,69,0.0,80.5,44.29,25.33,73.37,38.65,0.0,80.75
T000647,U0053,P034,64.94,2024-01-22,22,1,2024,0,0,True,False,False,False,False,False,4.188745237643585,8.058535847162311,-0.04865178630933724,0.24635411568953702,Books,Anaya Patel,26.0,Chennai,2022-07-14,14,7,2022,False,True,False,5,65.935,Medium,1.0,176,0.0,114.33,0.0,0.0,29.02,24.52,0.0,95.87
T000648,U0192,P026,218.94,2023-04-22,22,4,2023,0,0,False,False,False,False,True,False,5.393354781882788,14.796621235944373,3.6651698043470513,1.0,Beauty,Kabir Roy,38.0,Kolkata,2024-08-04,4,8,2024,False,True,False,4,117.11,High,2.0,539,218.94,0.0,0.0,0.0,112.25,137.25,0.0,0.0
T000649,U0062,P032,37.24,2023-08-19,19,8,2023,0,0,False,False,False,True,False,False,3.643882088183201,6.102458520956943,-0.716657358135194,0.11079573260252522,Books,Muhammad Verma,30.0,Vadodara,2022-03-04,4,3,2022,False,False,True,7,95.504,High,2.0,122,114.33000000000001,225.56,0.0,0.0,0.0,102.34,0.0,35.29
T000650,U0062,P032,39.7,2023-05-26,26,5,2023,1,1,False,False,False,False,False,True,3.7062280924485496,6.300793600809346,-0.6573326755831503,0.12283449153371832,Books,Muhammad Verma,30.0,Vadodara,2022-03-04,4,3,2022,False,False,True,7,95.504,High,2.0,122,114.33000000000001,225.56,0.0,0.0,0.0,102.34,0.0,35.29
T000651,U0136,P001,37.57,2024-10-10,10,10,2024,0,0,False,False,False,False,True,False,3.6524747722201365,6.129437168288781,-0.708699169012359,0.11241068806890477,Grocery,Anaya Bose,44.0,Pune,2024-05-10,10,5,2024,False,False,True,5,86.9,Medium,1.0,240,0.0,92.16,54.93,0.0,37.57,162.94,0.0,0.0
T000652,U0034,P025,39.12,2025-05-11,11,5,2025,0,0,True,False,False,False,False,False,3.691874963093735,6.254598308444756,-0.6713197958596486,0.11999608495644513,Electronics,Vihaan Singh,23.0,Visakhapatnam,2023-09-16,16,9,2023,False,False,True,9,136.374,High,2.0,5,103.98,84.49,51.52,39.12,247.26999999999998,46.11,109.38,0.0
T000653,U0094,P035,37.25,2023-12-20,20,12,2023,1,1,False,False,False,False,False,True,3.644143560272545,6.103277807866851,-0.7164162008890476,0.11084467064696095,Sports,Kabir Ghosh,29.0,Mumbai,2023-11-07,7,11,2023,False,True,False,5,80.005,Medium,1.0,98,74.34,161.98,0.0,0.0,0.0,31.85,37.25,14.6
T000654,U0196,P031,111.43,2023-02-04,4,2,2023,0,0,False,True,False,False,False,False,4.722330805761668,10.556040924513319,1.0724882510258285,0.4738670842713126,Grocery,Kabir Kulkarni,35.0,Patna,2024-08-01,1,8,2024,False,False,True,7,103.83,High,2.0,72,94.92999999999999,196.74,0.0,0.0,226.74,104.57,0.0,0.0
T000655,U0151,P005,128.03,2024-06-20,20,6,2024,0,0,False,True,False,False,False,False,4.860044935463755,11.315034246523517,1.4728092796290495,0.5551042380346481,Books,Kabir Kulkarni,34.0,Patna,2024-03-12,12,3,2024,False,True,False,8,94.825,High,2.0,220,33.2,263.46,136.95,0.0,0.0,0.0,79.01,56.33
T000656,U0056,P003,38.77,2025-03-26,26,3,2025,0,0,False,True,False,False,False,False,3.6831128592195994,6.226556030423239,-0.6797602994747766,0.1182832534011941,Beauty,Aarohi Patel,39.0,Vadodara,2024-05-06,6,5,2024,False,True,False,3,77.48333333333333,Low,0.0,220,38.77,140.68,53.0,0.0,0.0,0.0,0.0,0.0
T000657,U0130,P019,33.13,2025-10-23,23,10,2025,1,1,False,False,False,False,False,True,3.530176762918616,5.755866572463264,-0.8157729863014131,0.09068219633943429,Home,Anaya Kapoor,27.0,Indore,2022-03-05,5,3,2022,True,False,False,5,44.57,Low,0.0,9,0.0,33.62,0.0,91.47999999999999,0.0,53.18000000000001,0.0,0.0
T000658,U0197,P027,72.45,2025-04-03,3,4,2025,0,0,False,False,False,True,False,False,4.296604902619887,8.511756575466665,0.13245730554669846,0.28310658706078107,Toys,Kabir Roy,24.0,Thane,2023-12-07,7,12,2023,False,True,False,4,81.47333333333334,Low,0.0,6,0.0,0.0,171.97,0.0,0.0,0.0,0.0,72.45
T000659,U0022,P041,39.2,2023-11-09,9,11,2023,0,0,True,False,False,False,False,False,3.6938669956249757,6.260990336999411,-0.6693905378904763,0.1203875893119311,Home,Anaya Das,30.0,Bhopal,2023-02-10,10,2,2023,False,False,True,5,82.0875,Medium,1.0,188,0.0,43.6,71.92,0.0,0.0,134.29000000000002,0.0,78.54
T000660,U0072,P006,79.82,2023-06-11,11,6,2023,0,0,False,False,False,False,True,False,4.392224459650327,8.93420393767682,0.3101901959566825,0.3191739258099246,Clothing,Myra Kulkarni,44.0,Hyderabad,2022-03-17,17,3,2022,False,False,True,5,90.725,Medium,1.0,177,69.75,0.0,79.82,14.6,0.0,157.98,40.75,0.0
T000661,U0131,P014,61.67,2024-10-31,31,10,2024,0,0,False,False,True,False,False,False,4.137882864236584,7.853024894905148,-0.12751020579924877,0.23035137515904863,Beauty,Muhammad Mukherjee,19.0,Patna,2024-08-26,26,8,2024,True,False,False,5,73.65,Medium,1.0,101,61.67,0.0,37.83,0.0,0.0,57.89,146.23,64.63
T000662,U0101,P038,21.99,2023-05-16,16,5,2023,1,1,False,False,False,False,False,True,3.1350593387750902,4.689349635077342,-1.0844221585086353,0.03616521483801506,Home,Aadhya Chopra,20.0,Jaipur,2022-02-15,15,2,2022,False,True,False,2,32.67,Low,0.0,423,0.0,0.0,0.0,0.0,43.35,21.99,0.0,0.0
T000663,U0080,P045,138.17,2024-05-03,3,5,2024,0,0,False,False,False,True,False,False,4.935696207431762,11.754573577973808,1.717342727221619,0.604727415092493,Grocery,Ishaan Amin,18.0,Jaipur,2024-07-16,16,7,2024,True,False,False,7,62.01285714285715,High,2.0,200,0.0,0.0,59.05,101.83,138.17,43.27,91.77,0.0
T000664,U0015,P016,160.38,2025-06-08,8,6,2025,0,0,False,True,False,False,False,False,5.08376183242036,12.66412255152326,2.2529529709130376,0.7134188117842811,Books,Vihaan Bose,18.0,Thane,2023-10-13,13,10,2023,True,False,False,5,110.2625,High,2.0,146,0.0,350.07,0.0,0.0,43.71,47.27,0.0,0.0
T000665,U0030,P030,37.8,2023-04-23,23,4,2023,0,0,True,False,False,False,False,False,3.6584202466292277,6.148170459575759,-0.7031525523509891,0.11353626309092686,Home,Aarohi Sharma,29.0,Hyderabad,2023-11-30,30,11,2023,False,False,True,9,118.80199999999999,High,2.0,33,168.95,176.11,0.0,102.74,0.0,146.21,0.0,0.0
T000666,U0080,P043,43.27,2023-12-26,26,12,2023,1,1,False,False,False,False,False,True,3.7903072467440495,6.577993615077473,-0.5712395387088431,0.14030537339727905,Home,Ishaan Amin,18.0,Jaipur,2024-07-16,16,7,2024,True,False,False,7,62.01285714285715,High,2.0,200,0.0,0.0,59.05,101.83,138.17,43.27,91.77,0.0
T000667,U0031,P001,64.81,2023-10-09,9,10,2023,1,1,False,False,False,False,False,True,4.186771802468027,8.050465825031493,-0.05178683050924187,0.24571792111187235,Grocery,Aarohi Khan,27.0,Lucknow,2022-04-25,25,4,2022,False,False,True,4,131.71333333333334,High,2.0,15,0.0,0.0,0.0,0.0,64.81,330.33000000000004,0.0,0.0
T000668,U0180,P001,66.73,2025-10-13,13,10,2025,0,0,False,False,True,False,False,False,4.215529213226812,8.16884324736373,-0.005484639249110233,0.2551140256435353,Grocery,Reyansh Verma,53.0,Bhopal,2022-04-27,27,4,2022,True,False,False,7,122.6075,High,2.0,19,0.0,0.0,190.78,0.0,221.44,48.04,30.17,0.0
T000669,U0089,P034,81.05,2024-06-14,14,6,2024,0,0,True,False,False,False,False,False,4.4073288175361,9.002777349240622,0.3398525372327044,0.32519330527552115,Books,Kiara Kulkarni,27.0,Ahmedabad,2024-08-05,5,8,2024,False,False,True,7,66.04666666666667,High,2.0,263,0.0,81.05,128.41,123.55000000000001,27.79,35.48,0.0,0.0
T000670,U0043,P024,182.39,2024-07-04,4,7,2024,0,0,False,False,True,False,False,False,5.211615032708743,13.505184189784305,2.783740069681525,0.8211314475873543,Home,Ira Roy,31.0,Kolkata,2022-08-19,19,8,2022,False,True,False,7,111.08999999999999,High,2.0,131,102.49,168.36,0.0,0.0,55.58,322.53999999999996,0.0,17.57
T000671,U0188,P008,49.1,2024-11-17,17,11,2024,0,0,False,True,False,False,False,False,3.914021008090819,7.00713921654194,-0.4306448642054228,0.16883625330331803,Books,Muhammad Das,31.0,Bengaluru,2022-06-10,10,6,2022,True,False,False,8,81.32333333333334,High,2.0,242,0.0,49.1,222.48,0.0,0.0,142.34,74.02,0.0
T000672,U0110,P018,33.82,2023-05-11,11,5,2023,0,0,True,False,False,False,False,False,3.550191934340043,5.815496539419485,-0.7991331363173034,0.09405892140550064,Electronics,Saanvi Kulkarni,31.0,Lucknow,2023-04-22,22,4,2023,False,False,True,5,59.848,Medium,1.0,52,64.09,0.0,103.32,33.82,0.0,0.0,98.01,0.0
T000673,U0068,P046,23.86,2023-06-07,7,6,2023,0,0,True,False,False,False,False,False,3.213260086082565,4.884669896727925,-1.0393257534792362,0.04531662914749926,Toys,Sara Gupta,40.0,Patna,2023-08-02,2,8,2023,True,False,False,4,106.16333333333334,Medium,1.0,122,0.0,0.0,0.0,0.0,0.0,111.3,0.0,207.19
T000674,U0128,P030,35.21,2025-01-07,7,1,2025,0,0,True,False,False,False,False,False,3.58933532377755,5.933801479658719,-0.7656122791029373,0.10086130958206911,Home,Arjun Reddy,27.0,Nagpur,2023-12-12,12,12,2023,False,True,False,4,56.245000000000005,Low,0.0,162,0.0,0.0,0.0,0.0,154.17000000000002,35.21,35.6,0.0
T000675,U0015,P032,53.52,2023-12-08,8,12,2023,0,0,True,False,False,False,False,False,3.998567606828332,7.315736463268753,-0.3240533614086615,0.190466868943917,Books,Vihaan Bose,18.0,Thane,2023-10-13,13,10,2023,True,False,False,5,110.2625,High,2.0,146,0.0,350.07,0.0,0.0,43.71,47.27,0.0,0.0
T000676,U0095,P011,160.25,2023-07-30,30,7,2023,0,0,False,False,False,False,True,False,5.082955955675882,12.658988901172163,2.2498179267131326,0.7127826172066165,Electronics,Muhammad Bose,28.0,Jaipur,2024-06-04,4,6,2024,True,False,False,6,69.31333333333333,High,2.0,223,77.82,51.2,14.6,160.25,0.0,112.00999999999999,0.0,0.0
T000677,U0147,P044,40.02,2023-08-25,25,8,2023,1,1,False,False,False,False,False,True,3.7140597526442347,6.326136261573884,-0.6496156437064617,0.12440050895566214,Beauty,Ishaan Mehta,22.0,Ghaziabad,2023-09-14,14,9,2023,False,True,False,12,75.10333333333334,High,2.0,7,40.02,257.28,32.85,103.53999999999999,77.19,141.2,0.0,23.85
T000678,U0059,P048,62.44,2023-01-06,6,1,2023,0,0,True,False,False,False,False,False,4.150094577326593,7.901898506055364,-0.10894109784596692,0.23411960458060094,Clothing,Vivaan Iyer,34.0,Mumbai,2023-02-04,4,2,2023,True,False,False,5,63.89,Medium,1.0,62,71.28,0.0,144.87,39.41,0.0,0.0,0.0,0.0
T000679,U0012,P001,54.06,2023-04-05,5,4,2023,0,0,False,False,True,False,False,False,4.008423499714461,7.352550577860719,-0.3110308701167495,0.19310952334344722,Grocery,Aarohi Singh,28.0,Ghaziabad,2024-06-25,25,6,2024,False,False,True,8,122.76199999999999,High,2.0,27,49.85,185.72,0.0,215.85,54.06,23.59,0.0,84.74
T000680,U0121,P024,111.39,2023-11-04,4,11,2023,0,0,False,False,False,True,False,False,4.721974965530176,10.554146104730595,1.0715236220412423,0.47367133209356954,Home,Ira Kapoor,38.0,Lucknow,2024-08-30,30,8,2024,False,False,True,7,76.548,Medium,1.0,75,62.35,79.14,0.0,0.0,30.6,111.39,0.0,99.26
T000681,U0046,P003,218.94,2025-05-08,8,5,2025,0,0,True,False,False,False,False,False,5.393354781882788,14.796621235944373,3.6651698043470513,1.0,Beauty,Vivaan Ghosh,26.0,Delhi,2024-05-30,30,5,2024,False,True,False,4,123.63,High,2.0,24,218.94,28.54,0.0,0.0,149.96,0.0,0.0,97.08
T000682,U0058,P021,39.71,2025-05-02,2,5,2025,0,0,False,False,True,False,False,False,3.7064737625148876,6.30158710167526,-0.6570915183370039,0.12288342957815405,Books,Meera Joshi,29.0,Nagpur,2024-07-13,13,7,2024,False,True,False,4,52.6725,Low,0.0,183,0.0,39.71,56.16,0.0,53.39,61.43,0.0,0.0
T000683,U0185,P021,40.7,2023-06-09,9,6,2023,0,0,False,False,False,False,True,False,3.730501128804756,6.3796551630946325,-0.6332169509684985,0.12772829597729274,Books,Ira Bose,30.0,Thane,2022-11-01,1,11,2022,True,False,False,4,72.525,Medium,1.0,52,0.0,40.7,58.68,0.0,0.0,0.0,61.06,129.66
T000684,U0147,P024,102.16,2025-10-25,25,10,2025,0,0,False,True,False,False,False,False,4.636281181013144,10.107423014794621,0.8489354838480054,0.4285015170793775,Home,Ishaan Mehta,22.0,Ghaziabad,2023-09-14,14,9,2023,False,True,False,12,75.10333333333334,High,2.0,7,40.02,257.28,32.85,103.53999999999999,77.19,141.2,0.0,23.85
T000685,U0173,P004,82.2,2024-04-02,2,4,2024,0,0,False,False,True,False,False,False,4.421247347827163,9.06642156531451,0.3675856205395542,0.3308211803856318,Toys,Muhammad Joshi,31.0,Patna,2024-09-27,27,9,2024,True,False,False,6,105.595,High,2.0,128,0.0,0.0,180.04000000000002,0.0,0.0,0.0,0.0,242.34
T000686,U0133,P003,165.34,2023-05-22,22,5,2023,0,0,False,False,False,True,False,False,5.1140338864405415,12.858460249967724,2.372566965001711,0.7376920818244104,Beauty,Diya Singh,23.0,Indore,2023-07-06,6,7,2023,True,False,False,5,112.7875,High,2.0,370,215.07,0.0,0.0,77.16,0.0,158.92000000000002,0.0,0.0
T000687,U0120,P019,77.51,2024-11-01,1,11,2024,0,0,False,False,False,False,True,False,4.363226005210164,8.803976374343584,0.25448287209683695,0.3078692375452677,Home,Vihaan Roy,38.0,Thane,2023-11-15,15,11,2023,False,True,False,4,60.0675,Low,0.0,74,0.0,134.23000000000002,0.0,0.0,0.0,77.51,28.53,0.0
T000688,U0023,P036,44.01,2023-01-17,17,1,2023,0,0,False,False,False,True,False,False,3.806884687304841,6.634003316248794,-0.5533939024940009,0.1439267886855241,Sports,Myra Reddy,32.0,Ahmedabad,2022-09-10,10,9,2022,True,False,False,5,49.03,Medium,1.0,324,30.77,0.0,53.32,34.44,0.0,82.61,44.01,0.0
T000689,U0095,P013,77.82,2024-09-14,14,9,2024,0,0,False,False,False,False,True,False,4.367166771766858,8.821564487096378,0.2619587467273788,0.30938631692277574,Beauty,Muhammad Bose,28.0,Jaipur,2024-06-04,4,6,2024,True,False,False,6,69.31333333333333,High,2.0,223,77.82,51.2,14.6,160.25,0.0,112.00999999999999,0.0,0.0
T000690,U0190,P040,106.19,2025-08-08,8,8,2025,0,0,False,False,True,False,False,False,4.674602960703428,10.304853225543777,0.9461218540450526,0.4482235489869824,Grocery,Aarav Mukherjee,19.0,Ghaziabad,2023-04-27,27,4,2023,True,False,False,5,66.605,Medium,1.0,85,67.22,38.65,0.0,15.66,106.19,0.0,38.7,0.0
T000691,U0095,P038,89.33,2024-02-05,5,2,2024,0,0,False,False,False,True,False,False,4.503469631161752,9.451454914456292,0.5395307370420219,0.3657140060683175,Home,Muhammad Bose,28.0,Jaipur,2024-06-04,4,6,2024,True,False,False,6,69.31333333333333,High,2.0,223,77.82,51.2,14.6,160.25,0.0,112.00999999999999,0.0,0.0
T000692,U0188,P035,74.02,2023-11-05,5,11,2023,0,0,False,False,True,False,False,False,4.317754744653741,8.603487664894976,0.1703189931917017,0.29078986003719287,Sports,Muhammad Das,31.0,Bengaluru,2022-06-10,10,6,2022,True,False,False,8,81.32333333333334,High,2.0,242,0.0,49.1,222.48,0.0,0.0,142.34,74.02,0.0
T000693,U0002,P027,103.54,2024-04-22,22,4,2024,0,0,False,True,False,False,False,False,4.649569773284776,10.175460677532001,0.8822151838162252,0.4352549672115103,Toys,Sai Reddy,30.0,Hyderabad,2023-11-24,24,11,2023,False,False,True,6,129.68,High,2.0,553,187.02,0.0,45.02,0.0,0.0,0.0,0.0,157.0
T000694,U0139,P023,110.12,2023-01-20,20,1,2023,1,1,False,False,False,False,False,True,4.7106106984460885,10.493807697875924,1.0408966517806346,0.46745620045023,Books,Kiara Reddy,38.0,Pune,2022-02-21,21,2,2022,True,False,False,4,85.75750000000001,Medium,1.0,132,73.92,110.12,0.0,0.0,94.73,64.26,0.0,0.0
T000695,U0086,P001,125.12,2025-02-09,9,2,2025,1,1,False,False,False,False,False,True,4.83723383467686,11.18570516328765,1.4026325210004127,0.5408632671038466,Grocery,Aarohi Reddy,27.0,Ahmedabad,2022-02-12,12,2,2022,True,False,False,4,116.38,Medium,1.0,24,0.0,74.37,41.2,0.0,125.12,108.45,0.0,0.0
T000696,U0189,P047,80.58,2023-08-01,1,8,2023,0,0,False,False,False,False,True,False,4.401584133889412,8.976636341080104,0.32851814666381807,0.32289321718704117,Electronics,Sai Iyer,25.0,Bengaluru,2022-06-10,10,6,2022,False,False,True,3,55.54333333333333,Low,0.0,426,0.0,0.0,0.0,138.09,0.0,28.54,0.0,0.0
T000697,U0053,P034,49.39,2025-05-09,9,5,2025,0,0,False,False,True,False,False,False,3.9197927426925068,7.02780193232564,-0.4236513040671738,0.17025545659195457,Books,Anaya Patel,26.0,Chennai,2022-07-14,14,7,2022,False,True,False,5,65.935,Medium,1.0,176,0.0,114.33,0.0,0.0,29.02,24.52,0.0,95.87
T000698,U0126,P004,59.62,2024-07-27,27,7,2024,0,0,False,False,True,False,False,False,4.104624871629657,7.721398836998384,-0.17694744125928522,0.220319076049721,Toys,Myra Gupta,49.0,Surat,2022-08-29,29,8,2022,False,False,True,6,79.382,High,2.0,462,47.24,16.46,0.0,0.0,0.0,68.66,115.98,148.57
T000699,U0024,P003,112.61,2025-04-25,25,4,2025,0,0,False,False,True,False,False,False,4.732771530581813,10.611785900591851,1.1009448060711176,0.4796417735147303,Beauty,Aarohi Kapoor,20.0,Patna,2023-03-15,15,3,2023,True,False,False,11,96.98142857142857,High,2.0,90,112.61,313.02,89.07000000000001,62.27,55.78,46.12,0.0,0.0
T000700,U0180,P024,33.44,2023-06-23,23,6,2023,0,0,False,False,False,True,False,False,3.53921867955953,5.782732917920384,-0.8082971116708713,0.09219927571694235,Home,Reyansh Verma,53.0,Bhopal,2022-04-27,27,4,2022,True,False,False,7,122.6075,High,2.0,19,0.0,0.0,190.78,0.0,221.44,48.04,30.17,0.0
T000701,U0149,P007,68.12,2023-10-01,1,10,2023,0,0,True,False,False,False,False,False,4.2358441244958005,8.25348411278534,0.028036217965255884,0.2619164138201038,Books,Aarav Singh,36.0,Nagpur,2023-02-11,11,2,2023,False,False,True,2,66.35,Low,0.0,168,0.0,132.7,0.0,0.0,0.0,0.0,0.0,0.0
T000702,U0164,P026,43.12,2023-05-08,8,5,2023,0,0,False,True,False,False,False,False,3.786913194385302,6.566582063752802,-0.5748568974010411,0.13957130273074286,Beauty,Muhammad Gupta,25.0,Indore,2023-05-16,16,5,2023,False,True,False,7,88.336,High,2.0,19,65.06,98.06,160.86,0.0,0.0,117.7,0.0,0.0
T000703,U0112,P043,55.55,2024-04-29,29,4,2024,0,0,False,False,True,False,False,False,4.03512520256213,7.453187237685633,-0.27509844044091836,0.20040129196437306,Home,Meera Iyer,31.0,Bengaluru,2022-10-18,18,10,2022,False,False,True,5,59.4525,Low,0.0,334,57.24,48.86,0.0,0.0,33.24,98.47,0.0,0.0
T000704,U0075,P017,117.57,2025-03-15,15,3,2025,0,0,False,False,False,False,True,False,4.775503503469979,10.842970072816765,1.2205588001597907,0.5039150435548596,Beauty,Reyansh Roy,18.0,Surat,2023-09-19,19,9,2023,False,False,True,2,84.96,Low,0.0,231,169.92,0.0,0.0,0.0,0.0,0.0,0.0,0.0
T000705,U0180,P048,61.23,2024-10-13,13,10,2024,0,0,False,False,False,False,True,False,4.130837198581126,7.824960063795853,-0.1381211246296957,0.22819810120387585,Clothing,Reyansh Verma,53.0,Bhopal,2022-04-27,27,4,2022,True,False,False,7,122.6075,High,2.0,19,0.0,0.0,190.78,0.0,221.44,48.04,30.17,0.0
T000706,U0116,P018,56.14,2023-06-02,2,6,2023,0,0,False,False,True,False,False,False,4.045504396802627,7.4926630779716765,-0.26087016291827364,0.20328863658608198,Electronics,Aditya Roy,34.0,Patna,2022-07-19,19,7,2022,True,False,False,11,94.10666666666667,High,2.0,124,32.99,35.78,159.60999999999999,56.14,0.0,168.49,111.63,0.0
T000707,U0052,P009,24.15,2023-08-12,12,8,2023,0,0,True,False,False,False,False,False,3.224857896545748,4.914264950122246,-1.032332193340987,0.04673583243613584,Clothing,Vivaan Patel,28.0,Nagpur,2024-01-16,16,1,2024,False,True,False,12,84.46777777777778,High,2.0,24,57.08,122.91999999999999,157.13,134.35,97.29,191.44,0.0,0.0
T000708,U0040,P007,85.43,2025-07-09,9,7,2025,0,0,False,False,True,False,False,False,4.459334837764547,9.242835062901426,0.44547941104487987,0.34662816873837726,Books,Meera Kapoor,33.0,Jaipur,2023-06-25,25,6,2023,False,True,False,4,91.0975,Medium,1.0,115,191.6,85.43,0.0,0.0,0.0,31.87,0.0,55.49
T000709,U0120,P021,80.42,2023-09-05,5,9,2023,0,0,False,False,False,True,False,False,4.399620943074833,8.967719888578143,0.3246596307254738,0.3221102084760693,Books,Vihaan Roy,38.0,Thane,2023-11-15,15,11,2023,False,True,False,4,60.0675,Low,0.0,74,0.0,134.23000000000002,0.0,0.0,0.0,77.51,28.53,0.0
T000710,U0138,P023,199.93,2025-07-14,14,7,2025,0,0,False,False,True,False,False,False,5.302956588696461,14.139660533407442,3.2067298794225194,0.90696877752765,Books,Aadhya Chopra,29.0,Mumbai,2022-03-27,27,3,2022,False,False,True,6,131.64000000000001,High,2.0,7,62.45,244.98000000000002,0.0,42.74,0.0,176.39000000000001,0.0,0.0
T000711,U0079,P030,45.39,2023-09-03,3,9,2023,0,0,False,False,False,False,True,False,3.8370839187636525,6.737210105080589,-0.5201142025257812,0.15068023881765685,Home,Sara Das,32.0,Lucknow,2022-07-28,28,7,2022,False,False,True,2,73.57,Low,0.0,6,0.0,0.0,0.0,101.75,0.0,45.39,0.0,0.0
T000712,U0024,P011,62.27,2024-09-15,15,9,2024,1,1,False,False,False,False,False,True,4.147411283158793,7.891134265744057,-0.1130407710304576,0.23328765782519328,Electronics,Aarohi Kapoor,20.0,Patna,2023-03-15,15,3,2023,True,False,False,11,96.98142857142857,High,2.0,90,112.61,313.02,89.07000000000001,62.27,55.78,46.12,0.0,0.0
T000713,U0181,P045,63.41,2023-03-24,24,3,2023,0,0,True,False,False,False,False,False,4.165268900558799,7.963039620647382,-0.08554884496975462,0.23886659489086814,Grocery,Aditya Bose,37.0,Bengaluru,2023-08-14,14,8,2023,True,False,False,4,48.4,Low,0.0,698,0.0,0.0,0.0,36.93,116.47,0.0,0.0,40.2
T000714,U0056,P021,140.68,2023-07-06,6,7,2023,0,0,False,False,True,False,False,False,4.953570993474578,11.86086000254619,1.7778731960043959,0.6170108642458648,Books,Aarohi Patel,39.0,Vadodara,2024-05-06,6,5,2024,False,True,False,3,77.48333333333333,Low,0.0,220,38.77,140.68,53.0,0.0,0.0,0.0,0.0,0.0
T000715,U0183,P016,51.56,2025-03-22,22,3,2025,0,0,False,False,False,False,True,False,3.961955374176355,7.180529228406497,-0.37132018165337916,0.18087501223451108,Books,Kabir Gupta,23.0,Hyderabad,2023-07-26,26,7,2023,False,True,False,2,40.57,Low,0.0,43,0.0,81.14,0.0,0.0,0.0,0.0,0.0,0.0
T000716,U0132,P004,64.55,2024-09-04,4,9,2024,1,1,False,False,False,False,False,True,4.182813210209709,8.034301463101817,-0.05805691890905148,0.244445531956543,Toys,Aarav Chopra,32.0,Bhopal,2022-01-07,7,1,2022,True,False,False,6,79.0025,Medium,1.0,66,52.58,0.0,120.87,20.06,0.0,57.95,0.0,64.55
T000717,U0067,P012,78.63,2025-04-08,8,4,2025,0,0,False,True,False,False,False,False,4.377390906269353,8.867355862939075,0.2814924836652468,0.313350298522071,Sports,Saanvi Ghosh,31.0,Ghaziabad,2022-02-10,10,2,2022,False,False,True,3,103.235,Low,0.0,17,0.0,0.0,0.0,0.0,0.0,127.84,78.63,0.0
T000718,U0116,P036,61.07,2024-05-26,26,5,2024,1,1,False,False,False,False,False,True,4.128262780425561,7.814729681825213,-0.1419796405680399,0.22741509249290398,Sports,Aditya Roy,34.0,Patna,2022-07-19,19,7,2022,True,False,False,11,94.10666666666667,High,2.0,124,32.99,35.78,159.60999999999999,56.14,0.0,168.49,111.63,0.0
T000719,U0025,P030,41.77,2023-10-14,14,10,2023,0,0,False,True,False,False,False,False,3.7558369222388173,6.46297145282261,-0.607413125630821,0.13296466673191742,Home,Saanvi Bose,27.0,Kolkata,2022-05-22,22,5,2022,True,False,False,6,93.3625,Medium,1.0,30,0.0,0.0,99.75,0.0,0.0,187.25,0.0,86.45
T000720,U0032,P001,61.34,2024-03-31,31,3,2024,0,0,False,True,False,False,False,False,4.132603274339191,7.8319856996805095,-0.13546839492208385,0.22873641969266906,Grocery,Kabir Mukherjee,46.0,Thane,2022-01-04,4,1,2022,False,True,False,2,155.01,Low,0.0,580,0.0,0.0,0.0,0.0,61.34,93.67,0.0,0.0
T000721,U0034,P013,103.98,2025-02-01,1,2,2025,0,0,False,False,False,True,False,False,4.653769855824153,10.197058399362044,0.8928261026466721,0.43740824116668303,Beauty,Vihaan Singh,23.0,Visakhapatnam,2023-09-16,16,9,2023,False,False,True,9,136.374,High,2.0,5,103.98,84.49,51.52,39.12,247.26999999999998,46.11,109.38,0.0
T000722,U0176,P041,29.49,2023-06-22,22,6,2023,1,1,False,False,False,False,False,True,3.4173987610001633,5.430469592954186,-0.9035542238987462,0.07286874816482332,Home,Kabir Sharma,38.0,Vadodara,2022-05-10,10,5,2022,False,False,True,5,94.39999999999999,Medium,1.0,46,0.0,60.82,0.0,97.36,0.0,97.13,27.89,0.0
T000723,U0150,P038,59.13,2023-06-03,3,6,2023,0,0,False,False,False,False,True,False,4.0965088850514775,7.689603370785778,-0.1887641463204645,0.21792111187236957,Home,Muhammad Gupta,34.0,Kolkata,2022-04-15,15,4,2022,False,False,True,9,76.415,High,2.0,91,25.34,139.48000000000002,30.15,58.45,0.0,84.41,101.44,19.22
T000724,U0006,P005,35.87,2025-06-27,27,6,2025,0,0,False,False,True,False,False,False,3.607398212246053,5.989156868875618,-0.7496959008572672,0.1040912205148282,Books,Aarohi Mukherjee,30.0,Thane,2023-08-27,27,8,2023,False,True,False,2,71.30499999999999,Low,0.0,127,0.0,35.87,0.0,0.0,0.0,0.0,106.74,0.0
T000725,U0033,P006,111.84,2023-09-08,8,9,2023,0,0,False,False,False,False,True,False,4.725970886133796,10.57544325312183,1.0823756981178356,0.475873544093178,Clothing,Ishaan Amin,31.0,Visakhapatnam,2024-07-23,23,7,2024,False,True,False,7,100.446,High,2.0,271,0.0,134.43,111.84,0.0,0.0,147.03,51.74,57.19
T000726,U0011,P030,21.89,2023-12-11,11,12,2023,0,0,False,True,False,False,False,False,3.1307001339644756,4.678675026115834,-1.0868337309701004,0.035675834393657624,Home,Myra Kapoor,28.0,Nagpur,2022-03-22,22,3,2022,False,True,False,4,107.825,Low,0.0,144,0.0,0.0,0.0,62.08,0.0,153.57,0.0,0.0
T000727,U0147,P028,39.04,2025-03-19,19,3,2025,1,1,False,False,False,False,False,True,3.68987895444702,6.248199740725323,-0.6732490538288207,0.11960458060095917,Home,Ishaan Mehta,22.0,Ghaziabad,2023-09-14,14,9,2023,False,True,False,12,75.10333333333334,High,2.0,7,40.02,257.28,32.85,103.53999999999999,77.19,141.2,0.0,23.85
T000728,U0128,P002,68.47,2025-05-23,23,5,2025,0,0,False,False,False,True,False,False,4.2408950047047895,8.274660113865705,0.036476721580383904,0.26362924537535476,Grocery,Arjun Reddy,27.0,Nagpur,2023-12-12,12,12,2023,False,True,False,4,56.245000000000005,Low,0.0,162,0.0,0.0,0.0,0.0,154.17000000000002,35.21,35.6,0.0
T000729,U0045,P023,139.67,2024-01-19,19,1,2024,0,0,False,False,True,False,False,False,4.946416721769604,11.818206293680948,1.753516314143597,0.6120681217578545,Books,Sai Chopra,20.0,Mumbai,2022-03-14,14,3,2022,False,True,False,8,136.31,High,2.0,205,120.96,218.42,94.7,0.0,63.37,0.0,0.0,184.1
T000730,U0071,P018,52.49,2023-11-01,1,11,2023,0,0,False,False,False,True,False,False,3.979494720543159,7.244998274671983,-0.34889255776175293,0.1854262503670353,Electronics,Kabir Roy,34.0,Bengaluru,2022-01-10,10,1,2022,True,False,False,9,82.455,High,2.0,315,156.49,36.11,0.0,52.49,29.53,299.53,85.49,0.0
T000731,U0009,P040,39.13,2024-05-18,18,5,2024,0,0,True,False,False,False,False,False,3.6921241842788253,6.255397669213365,-0.6710786386135019,0.1200450230008809,Grocery,Aditya Bose,28.0,Kanpur,2024-05-17,17,5,2024,False,True,False,3,60.51666666666667,Low,0.0,322,0.0,0.0,142.42,0.0,39.13,0.0,0.0,0.0
T000732,U0166,P019,168.8,2025-04-23,23,4,2025,0,0,False,False,False,True,False,False,5.134621273877247,12.992305415129373,2.4560073721684064,0.7546246451991779,Home,Meera Roy,35.0,Bengaluru,2022-10-29,29,10,2022,False,True,False,5,83.738,High,2.0,192,0.0,132.34,0.0,0.0,0.0,189.78,96.57,0.0
T000733,U0141,P031,22.9,2023-06-29,29,6,2023,0,0,False,True,False,False,False,False,3.173878458937465,4.78539444560216,-1.062476849109302,0.0406185768816678,Grocery,Anaya Nair,33.0,Jaipur,2024-02-10,10,2,2024,True,False,False,9,82.38166666666667,High,2.0,47,78.86,14.6,186.62,168.29999999999998,22.9,23.01,0.0,0.0
T000734,U0072,P025,14.6,2025-05-08,8,5,2025,0,0,False,False,True,False,False,False,2.747270914255491,3.82099463490856,-1.2626373634109125,0.0,Electronics,Myra Kulkarni,44.0,Hyderabad,2022-03-17,17,3,2022,False,False,True,5,90.725,Medium,1.0,177,69.75,0.0,79.82,14.6,0.0,157.98,40.75,0.0
T000735,U0052,P042,71.09,2024-05-25,25,5,2024,0,0,True,False,False,False,False,False,4.277915338416487,8.431488599292535,0.09965992007077192,0.27645101301751984,Home,Vivaan Patel,28.0,Nagpur,2024-01-16,16,1,2024,False,True,False,12,84.46777777777778,High,2.0,24,57.08,122.91999999999999,157.13,134.35,97.29,191.44,0.0,0.0
T000736,U0162,P035,40.4,2025-02-22,22,2,2025,0,0,False,True,False,False,False,False,3.7232808808312687,6.356099432828281,-0.6404516683528941,0.1262601546442204,Sports,Muhammad Mehta,38.0,Lucknow,2022-10-14,14,10,2022,True,False,False,6,76.75,Medium,1.0,252,0.0,15.74,134.48,0.0,47.37,24.73,84.68,0.0
T000737,U0183,P023,29.58,2025-09-19,19,9,2025,0,0,False,False,False,True,False,False,3.420346200500916,5.438749856354859,-0.9013838086834274,0.07330919056474501,Books,Kabir Gupta,23.0,Hyderabad,2023-07-26,26,7,2023,False,True,False,2,40.57,Low,0.0,43,0.0,81.14,0.0,0.0,0.0,0.0,0.0,0.0
T000738,U0089,P037,83.51,2024-10-20,20,10,2024,0,0,True,False,False,False,False,False,4.436869870556391,9.138380600522174,0.39917721978474824,0.3372320642067143,Clothing,Kiara Kulkarni,27.0,Ahmedabad,2024-08-05,5,8,2024,False,False,True,7,66.04666666666667,High,2.0,263,0.0,81.05,128.41,123.55000000000001,27.79,35.48,0.0,0.0
T000739,U0100,P018,63.2,2023-02-23,23,2,2023,0,0,False,False,True,False,False,False,4.162003210695915,7.9498427657407165,-0.09061314713883137,0.2378388959577175,Electronics,Anaya Mukherjee,30.0,Visakhapatnam,2022-04-29,29,4,2022,False,False,True,8,113.37,High,2.0,63,0.0,84.14,0.0,63.2,52.81,64.62,189.65,112.43
T000740,U0082,P039,38.92,2023-03-02,2,3,2023,0,0,False,False,True,False,False,False,3.686877451443263,6.238589584192889,-0.6761429407825789,0.11901732406773026,Grocery,Ishaan Verma,34.0,Lucknow,2024-02-29,29,2,2024,False,True,False,7,66.91666666666667,High,2.0,30,0.0,188.73000000000002,0.0,61.47,38.92,112.38,0.0,0.0
T000741,U0200,P018,25.33,2025-08-24,24,8,2025,0,0,False,True,False,False,False,False,3.270708973508218,5.032891812864648,-1.003875638295698,0.05251052167955368,Electronics,Kiara Nair,22.0,Jaipur,2022-01-27,27,1,2022,False,False,True,6,68.578,Medium,1.0,69,0.0,80.5,44.29,25.33,73.37,38.65,0.0,80.75
T000742,U0136,P023,92.16,2024-04-21,21,4,2024,0,0,True,False,False,False,False,False,4.53431844501614,9.6,0.6077782377014868,0.37956347264363316,Books,Anaya Bose,44.0,Pune,2024-05-10,10,5,2024,False,False,True,5,86.9,Medium,1.0,240,0.0,92.16,54.93,0.0,37.57,162.94,0.0,0.0
T000743,U0041,P007,80.65,2024-05-08,8,5,2024,0,0,False,False,True,False,False,False,4.402441819416474,8.980534505250787,0.3302062473868439,0.32323578349809146,Books,Sara Mukherjee,37.0,Vadodara,2024-02-13,13,2,2024,False,True,False,5,96.9475,High,2.0,44,0.0,224.42000000000002,56.21,43.92,0.0,63.24,0.0,0.0
T000744,U0069,P035,51.44,2023-04-25,25,4,2023,1,1,False,False,False,False,False,True,3.959669658895499,7.172168430816443,-0.3742140686071375,0.18028775570128214,Sports,Ira Nair,34.0,Chennai,2023-11-17,17,11,2023,True,False,False,6,92.42,High,2.0,720,0.0,52.76,108.65,0.0,0.0,92.78,207.91,0.0
T000745,U0196,P015,165.34,2025-03-06,6,3,2025,0,0,True,False,False,False,False,False,5.1140338864405415,12.858460249967724,2.372566965001711,0.7376920818244104,Books,Kabir Kulkarni,35.0,Patna,2024-08-01,1,8,2024,False,False,True,7,103.83,High,2.0,72,94.92999999999999,196.74,0.0,0.0,226.74,104.57,0.0,0.0
T000746,U0091,P012,28.73,2024-04-29,29,4,2024,0,0,False,False,True,False,False,False,3.3921566370100065,5.360037313302959,-0.9218821746058814,0.06914945678770677,Sports,Reyansh Nair,32.0,Kolkata,2022-10-01,1,10,2022,True,False,False,2,28.23,Low,0.0,551,0.0,0.0,0.0,27.73,0.0,0.0,28.73,0.0
T000747,U0152,P021,21.86,2025-01-04,4,1,2025,1,1,False,False,False,False,False,True,3.1293886583666644,4.675467891024383,-1.0875572027085398,0.03552902026035039,Books,Vivaan Mehta,34.0,Indore,2023-11-09,9,11,2023,False,False,True,4,59.41,Low,0.0,32,0.0,21.86,0.0,179.73000000000002,36.05,0.0,0.0,0.0
T000748,U0152,P002,36.05,2024-12-21,21,12,2024,1,1,False,False,False,False,False,True,3.6122683517420957,6.00416522091123,-0.7453550704266299,0.10497210531467162,Grocery,Vivaan Mehta,34.0,Indore,2023-11-09,9,11,2023,False,False,True,4,59.41,Low,0.0,32,0.0,21.86,0.0,179.73000000000002,36.05,0.0,0.0,0.0
T000749,U0146,P037,53.13,2024-01-21,21,1,2024,0,0,False,False,True,False,False,False,3.9913885608088866,7.289032857656769,-0.33345849400837574,0.188558285210923,Clothing,Meera Patel,38.0,Chennai,2023-04-22,22,4,2023,False,False,True,4,69.02333333333333,Low,0.0,356,71.67,0.0,53.13,45.34,0.0,36.93,0.0,0.0
T000750,U0127,P035,63.18,2023-12-26,26,12,2023,0,0,False,False,False,False,True,False,4.161691635681711,7.948584779695062,-0.09109546163112449,0.23774101986884605,Sports,Ishaan Nair,24.0,Vadodara,2022-03-24,24,3,2022,True,False,False,2,130.4,Medium,1.0,7,197.62,0.0,0.0,0.0,0.0,0.0,63.18,0.0
T000751,U0126,P003,47.24,2023-04-26,26,4,2023,0,0,False,True,False,False,False,False,3.87618855241893,6.8731361109758335,-0.47550011198867526,0.15973377703826958,Beauty,Myra Gupta,49.0,Surat,2022-08-29,29,8,2022,False,False,True,6,79.382,High,2.0,462,47.24,16.46,0.0,0.0,0.0,68.66,115.98,148.57
T000752,U0060,P039,67.44,2023-02-10,10,2,2023,0,0,False,False,True,False,False,False,4.225957449023992,8.212186067059124,0.011637525227292446,0.2585886267984731,Grocery,Ishaan Roy,39.0,Indore,2023-12-15,15,12,2023,True,False,False,2,47.62,Low,0.0,402,0.0,0.0,0.0,0.0,67.44,0.0,27.8,0.0
T000753,U0135,P031,25.77,2024-11-10,10,11,2024,0,0,False,True,False,False,False,False,3.2872818575322613,5.076416058598822,-0.9932647194652511,0.05466379563472644,Grocery,Ishaan Mukherjee,24.0,Mumbai,2023-02-03,3,2,2023,True,False,False,8,77.40666666666667,High,2.0,183,105.1,63.46,92.0,0.0,25.77,85.44999999999999,0.0,92.66
T000754,U0158,P013,129.83,2024-11-28,28,11,2024,0,0,False,False,True,False,False,False,4.873898770522785,11.394296819023104,1.516217583935423,0.5639130860330822,Beauty,Saanvi Khan,35.0,Kolkata,2024-04-30,30,4,2024,True,False,False,5,85.5725,Medium,1.0,156,129.83,0.0,0.0,0.0,15.27,70.67,0.0,126.52000000000001
T000755,U0184,P012,51.97,2023-05-02,2,5,2023,0,0,False,False,False,False,True,False,3.9697257155564354,7.209022125087424,-0.361432734561372,0.18288147205637661,Sports,Kiara Kulkarni,35.0,Ghaziabad,2022-08-20,20,8,2022,False,False,True,6,143.685,High,2.0,109,0.0,0.0,23.72,0.0,0.0,228.73,322.28999999999996,0.0
T000756,U0006,P010,106.74,2023-10-18,18,10,2023,0,0,True,False,False,False,False,False,4.6797209172523875,10.331505214633538,0.959385502583111,0.4509151414309484,Sports,Aarohi Mukherjee,30.0,Thane,2023-08-27,27,8,2023,False,True,False,2,71.30499999999999,Low,0.0,127,0.0,35.87,0.0,0.0,0.0,0.0,106.74,0.0
T000757,U0199,P008,67.06,2025-01-17,17,1,2025,0,0,True,False,False,False,False,False,4.22038966907276,8.189017035029297,0.0024735498737248436,0.2567289811099148,Books,Meera Roy,32.0,Ghaziabad,2022-02-10,10,2,2022,False,True,False,9,92.57285714285715,High,2.0,81,0.0,288.35,40.28,61.43,0.0,218.94,39.01,0.0
T000758,U0019,P024,71.81,2025-03-21,21,3,2025,1,1,False,False,False,False,False,True,4.2878533084066195,8.474078120952155,0.11702324179332124,0.27997455221689344,Home,Aarohi Ghosh,24.0,Lucknow,2024-05-13,13,5,2024,False,False,True,3,185.60000000000002,Low,0.0,225,113.79,0.0,0.0,0.0,0.0,71.81,0.0,0.0
T000759,U0151,P007,76.85,2024-09-10,10,9,2024,0,0,False,False,False,False,True,False,4.354783898280007,8.766413177577247,0.2385664938511665,0.30463932661250853,Books,Kabir Kulkarni,34.0,Patna,2024-03-12,12,3,2024,False,True,False,8,94.825,High,2.0,220,33.2,263.46,136.95,0.0,0.0,0.0,79.01,56.33
T000760,U0083,P009,71.42,2025-06-13,13,6,2025,0,0,False,False,True,False,False,False,4.282482504337495,8.45103543951864,0.107618109193607,0.27806596848389936,Clothing,Arjun Khan,43.0,Thane,2023-07-19,19,7,2023,False,True,False,8,59.12375,High,2.0,9,0.0,103.51,71.42,0.0,99.24000000000001,140.98,0.0,57.84
T000761,U0164,P032,80.29,2024-10-11,11,10,2024,1,1,False,False,False,False,False,True,4.398023007758481,8.960468737739115,0.3215245865255692,0.32147401389840463,Books,Muhammad Gupta,25.0,Indore,2023-05-16,16,5,2023,False,True,False,7,88.336,High,2.0,19,65.06,98.06,160.86,0.0,0.0,117.7,0.0,0.0
T000762,U0045,P046,121.21,2024-12-31,31,12,2024,0,0,True,False,False,False,False,False,4.805740876449909,11.00954131651269,1.3083400377571235,0.5217284917294706,Toys,Sai Chopra,20.0,Mumbai,2022-03-14,14,3,2022,False,True,False,8,136.31,High,2.0,205,120.96,218.42,94.7,0.0,63.37,0.0,0.0,184.1
T000763,U0058,P043,61.43,2023-12-26,26,12,2023,0,0,True,False,False,False,False,False,4.134045929073653,7.83772926299448,-0.13329797970676527,0.22917686209259075,Home,Meera Joshi,29.0,Nagpur,2024-07-13,13,7,2024,False,True,False,4,52.6725,Low,0.0,183,0.0,39.71,56.16,0.0,53.39,61.43,0.0,0.0
T000764,U0097,P020,83.55,2024-08-26,26,8,2024,1,1,False,False,False,False,False,True,4.4373430753445895,9.140568910084317,0.4001418487693341,0.33742781638445724,Toys,Aarohi Nair,34.0,Hyderabad,2024-06-17,17,6,2024,False,True,False,6,102.16799999999999,High,2.0,54,0.0,18.09,84.39,70.48,0.0,191.14,0.0,146.74
T000765,U0033,P012,51.74,2023-01-04,4,1,2023,1,1,False,False,False,False,False,True,3.965374180925141,7.193052203341778,-0.36697935122274183,0.18175589703435452,Sports,Ishaan Amin,31.0,Visakhapatnam,2024-07-23,23,7,2024,False,True,False,7,100.446,High,2.0,271,0.0,134.43,111.84,0.0,0.0,147.03,51.74,57.19
T000766,U0180,P037,129.55,2023-03-08,8,3,2023,0,0,False,False,False,True,False,False,4.871756295145138,11.382003338604326,1.5094651810433206,0.5625428207888814,Clothing,Reyansh Verma,53.0,Bhopal,2022-04-27,27,4,2022,True,False,False,7,122.6075,High,2.0,19,0.0,0.0,190.78,0.0,221.44,48.04,30.17,0.0
T000767,U0047,P039,36.39,2024-03-28,28,3,2024,0,0,False,False,False,False,True,False,3.6214032889890224,6.032412452742269,-0.7371557240576482,0.10663599882548692,Grocery,Anaya Gupta,28.0,Kolkata,2022-10-13,13,10,2022,False,False,True,4,54.31666666666666,Low,0.0,28,0.0,52.54,0.0,0.0,86.52000000000001,23.89,0.0,0.0
T000768,U0164,P037,160.86,2025-10-13,13,10,2025,0,0,False,True,False,False,False,False,5.086731764067556,12.683059567785685,2.2645285187280706,0.715767837917197,Clothing,Muhammad Gupta,25.0,Indore,2023-05-16,16,5,2023,False,True,False,7,88.336,High,2.0,19,65.06,98.06,160.86,0.0,0.0,117.7,0.0,0.0
T000769,U0037,P022,53.3,2023-06-09,9,6,2023,1,1,False,False,False,False,False,True,3.9945242269398897,7.3006848993775915,-0.32935882082388507,0.1893902319663306,Electronics,Aarav Patel,33.0,Surat,2022-09-03,3,9,2022,True,False,False,4,63.22,Medium,1.0,213,0.0,90.93,69.95,53.3,38.7,0.0,0.0,0.0
T000770,U0061,P023,23.14,2023-12-10,10,12,2023,0,0,False,False,False,False,True,False,3.1838702156693857,4.810405388322278,-1.0566890752017855,0.04179308994812567,Books,Aarohi Joshi,28.0,Chennai,2022-10-31,31,10,2022,False,True,False,7,118.92999999999999,High,2.0,126,0.0,78.55,163.11,0.0,218.94,91.79,0.0,42.26
T000771,U0163,P006,58.96,2024-11-18,18,11,2024,1,1,False,False,False,False,False,True,4.093677673234397,7.678541528180987,-0.19286381950495535,0.2170891651169619,Clothing,Sara Khan,41.0,Mumbai,2023-06-14,14,6,2023,False,False,True,7,153.566,High,2.0,282,76.58,62.47,58.96,0.0,0.0,297.73,0.0,272.09000000000003
T000772,U0115,P001,36.28,2024-03-05,5,3,2024,0,0,False,False,False,False,True,False,3.6184569898173904,6.023288138550239,-0.7398084537652598,0.10609768033669374,Grocery,Aarav Verma,30.0,Bhopal,2023-09-18,18,9,2023,False,True,False,6,44.77333333333333,Medium,1.0,17,0.0,30.12,0.0,0.0,118.68,80.47,39.37,0.0
T000773,U0064,P045,90.41,2024-12-18,18,12,2024,0,0,False,True,False,False,False,False,4.515354881665727,9.508417323613852,0.565575719625846,0.37099931486737786,Grocery,Ira Amin,22.0,Delhi,2024-09-10,10,9,2024,False,True,False,7,81.41333333333334,High,2.0,231,140.39,0.0,0.0,68.68,90.41,40.97,122.71000000000001,25.32
T000774,U0066,P007,36.91,2023-01-03,3,1,2023,1,1,False,False,False,False,False,True,3.635214929528243,6.0753600716336145,-0.7246155472580292,0.10918077713614562,Books,Aditya Ghosh,42.0,Hyderabad,2024-08-22,22,8,2024,True,False,False,3,41.803333333333335,Low,0.0,31,0.0,36.91,0.0,0.0,30.3,58.2,0.0,0.0
T000775,U0013,P025,41.77,2025-05-09,9,5,2025,0,0,False,False,False,True,False,False,3.7558369222388173,6.46297145282261,-0.607413125630821,0.13296466673191742,Electronics,Diya Chopra,33.0,Bengaluru,2022-02-16,16,2,2022,False,True,False,4,96.2925,Medium,1.0,176,0.0,57.05,197.43,130.69,0.0,0.0,0.0,0.0
T000776,U0043,P027,17.57,2025-02-14,14,2,2025,0,0,False,False,False,True,False,False,2.9215473753646144,4.191658383026938,-1.1910136613053963,0.014534599197416065,Toys,Ira Roy,31.0,Kolkata,2022-08-19,19,8,2022,False,True,False,7,111.08999999999999,High,2.0,131,102.49,168.36,0.0,0.0,55.58,322.53999999999996,0.0,17.57
T000777,U0090,P035,41.62,2023-07-27,27,7,2023,0,0,False,False,False,True,False,False,3.752323626670471,6.4513564465157245,-0.6110304843230189,0.13223059606538123,Sports,Sai Iyer,36.0,Indore,2022-01-26,26,1,2022,False,True,False,5,57.08,Medium,1.0,233,0.0,97.86,0.0,98.55,0.0,27.84,41.62,19.53
T000778,U0123,P037,14.6,2024-04-06,6,4,2024,1,1,False,False,False,False,False,True,2.747270914255491,3.82099463490856,-1.2626373634109125,0.0,Clothing,Aarohi Roy,43.0,Bhopal,2023-04-06,6,4,2023,False,True,False,7,60.01,Medium,1.0,220,172.5,106.53,14.6,0.0,0.0,66.43,0.0,0.0
T000779,U0042,P029,21.11,2023-03-10,10,3,2023,0,0,False,True,False,False,False,False,3.096029994869355,4.594562003064057,-1.1056439961695288,0.03185866692766956,Clothing,Muhammad Singh,33.0,Kanpur,2023-03-25,25,3,2023,True,False,False,3,74.385,Low,0.0,21,0.0,0.0,74.46000000000001,74.31,0.0,0.0,0.0,0.0
T000780,U0076,P002,86.16,2024-06-18,18,6,2024,0,0,False,False,False,False,True,False,4.467745510076419,9.282241108697834,0.46308389001357547,0.35020064598218653,Grocery,Ira Sharma,38.0,Vadodara,2022-11-03,3,11,2022,False,False,True,7,83.45666666666666,High,2.0,19,0.0,240.39999999999998,60.89,59.75,86.16,0.0,53.54,0.0
T000781,U0027,P005,87.49,2023-12-15,15,12,2023,0,0,False,False,False,False,True,False,4.482889551279259,9.353608929178085,0.49515780375106244,0.3567094058921405,Books,Vihaan Reddy,22.0,Pune,2024-03-22,22,3,2024,False,False,True,4,80.48666666666666,Low,0.0,311,0.0,87.49,54.2,0.0,69.37,30.4,0.0,0.0
T000782,U0097,P011,70.48,2023-06-03,3,6,2023,1,1,False,False,False,False,False,True,4.2694176902912275,8.395236744726143,0.08494932805583429,0.2734657923069394,Electronics,Aarohi Nair,34.0,Hyderabad,2024-06-17,17,6,2024,False,True,False,6,102.16799999999999,High,2.0,54,0.0,18.09,84.39,70.48,0.0,191.14,0.0,146.74
T000783,U0141,P006,30.56,2025-09-15,15,9,2025,0,0,False,False,False,False,True,False,3.4518904959776733,5.528109984434101,-0.8777503985610685,0.07810511891944798,Clothing,Anaya Nair,33.0,Jaipur,2024-02-10,10,2,2024,True,False,False,9,82.38166666666667,High,2.0,47,78.86,14.6,186.62,168.29999999999998,22.9,23.01,0.0,0.0
T000784,U0181,P002,53.06,2023-12-04,4,12,2023,0,0,False,False,False,True,False,False,3.9900945408483017,7.284229540589726,-0.33514659473140135,0.18821571889987276,Grocery,Aditya Bose,37.0,Bengaluru,2023-08-14,14,8,2023,True,False,False,4,48.4,Low,0.0,698,0.0,0.0,0.0,36.93,116.47,0.0,0.0,40.2
T000785,U0156,P028,54.48,2023-04-20,20,4,2023,0,0,False,False,True,False,False,False,4.016022595446631,7.381056834898374,-0.30090226577859586,0.19516492120974843,Home,Reyansh Amin,26.0,Jaipur,2023-09-23,23,9,2023,False,False,True,4,92.12,Medium,1.0,449,0.0,0.0,46.92,0.0,0.0,104.47,0.0,124.97
T000786,U0026,P022,27.25,2024-01-25,25,1,2024,0,0,False,False,True,False,False,False,3.34109345759245,5.220153254455275,-0.9575734470355662,0.061906626211216606,Electronics,Ira Joshi,32.0,Delhi,2024-05-31,31,5,2024,False,True,False,5,52.41,Low,0.0,595,55.2,16.2,0.0,27.25,66.32,44.67,0.0,0.0
T000787,U0105,P045,134.56,2024-06-27,27,6,2024,0,0,True,False,False,False,False,False,4.909414346738851,11.6,1.6302849613627262,0.5870607810511893,Grocery,Kabir Amin,30.0,Indore,2022-12-01,1,12,2022,True,False,False,6,98.976,High,2.0,175,202.88,0.0,0.0,0.0,134.56,0.0,84.1,73.34
T000788,U0170,P019,92.43,2024-05-01,1,5,2024,0,0,False,False,False,False,True,False,4.537212492804865,9.614052215377239,0.6142894833474429,0.3808847998433983,Home,Diya Roy,25.0,Surat,2022-09-15,15,9,2022,True,False,False,7,115.75166666666667,High,2.0,122,0.0,172.16,0.0,79.34,110.02,292.81,0.0,40.18
T000789,U0025,P004,47.82,2025-10-02,2,10,2025,0,0,False,False,False,True,False,False,3.888140064964814,6.915200647848188,-0.46151299171217725,0.1625721836155427,Toys,Saanvi Bose,27.0,Kolkata,2022-05-22,22,5,2022,True,False,False,6,93.3625,Medium,1.0,30,0.0,0.0,99.75,0.0,0.0,187.25,0.0,86.45
T000790,U0040,P004,55.49,2023-01-08,8,1,2023,0,0,False,False,False,False,True,False,4.034063631337171,7.449161026585477,-0.2765453839177973,0.20010766369775862,Toys,Meera Kapoor,33.0,Jaipur,2023-06-25,25,6,2023,False,True,False,4,91.0975,Medium,1.0,115,191.6,85.43,0.0,0.0,0.0,31.87,0.0,55.49
T000791,U0110,P006,61.87,2025-09-10,10,9,2025,0,0,False,False,False,False,True,False,4.14106910239497,7.865748533992171,-0.12268706087631849,0.23133013604776348,Clothing,Saanvi Kulkarni,31.0,Lucknow,2023-04-22,22,4,2023,False,False,True,5,59.848,Medium,1.0,52,64.09,0.0,103.32,33.82,0.0,0.0,98.01,0.0
T000792,U0052,P007,16.04,2024-02-28,28,2,2024,0,0,False,True,False,False,False,False,2.8355635214011694,4.004996878900157,-1.2279107199658137,0.0070470783987471725,Books,Vivaan Patel,28.0,Nagpur,2024-01-16,16,1,2024,False,True,False,12,84.46777777777778,High,2.0,24,57.08,122.91999999999999,157.13,134.35,97.29,191.44,0.0,0.0
T000793,U0044,P041,47.07,2023-06-17,17,6,2023,0,0,False,False,False,False,True,False,3.8726582819058692,6.860757975617563,-0.47959978517316615,0.15890183028286192,Home,Aditya Nair,29.0,Patna,2023-07-22,22,7,2023,False,True,False,7,102.878,High,2.0,35,0.0,14.6,178.51000000000002,0.0,69.48,251.8,0.0,0.0
T000794,U0122,P008,36.26,2025-03-25,25,3,2025,0,0,False,False,False,False,True,False,3.6179203651734424,6.021627686929839,-0.7402907682575529,0.10599980424782225,Books,Myra Kulkarni,24.0,Visakhapatnam,2023-03-13,13,3,2023,False,False,True,3,44.42333333333334,Low,0.0,221,0.0,36.26,97.01,0.0,0.0,0.0,0.0,0.0
T000795,U0121,P032,29.93,2024-06-26,26,6,2024,1,1,False,False,False,False,False,True,3.4317265866969784,5.470831746635972,-0.8929433050682992,0.07502202211999608,Books,Ira Kapoor,38.0,Lucknow,2024-08-30,30,8,2024,False,False,True,7,76.548,Medium,1.0,75,62.35,79.14,0.0,0.0,30.6,111.39,0.0,99.26
T000796,U0024,P042,46.12,2025-03-04,4,3,2025,0,0,True,False,False,False,False,False,3.8526975393433314,6.791170738539858,-0.5025097235570855,0.15425271606146618,Home,Aarohi Kapoor,20.0,Patna,2023-03-15,15,3,2023,True,False,False,11,96.98142857142857,High,2.0,90,112.61,313.02,89.07000000000001,62.27,55.78,46.12,0.0,0.0
T000797,U0048,P024,160.55,2025-01-26,26,1,2025,0,0,False,False,False,True,False,False,5.084814692270507,12.670832648251654,2.2570526440975285,0.7142507585396889,Home,Meera Das,40.0,Ahmedabad,2024-01-11,11,1,2024,False,False,True,5,87.88250000000001,Medium,1.0,66,0.0,0.0,80.2,0.0,0.0,256.73,14.6,0.0
T000798,U0048,P029,80.2,2024-06-23,23,6,2024,0,0,False,True,False,False,False,False,4.396915247167632,8.955445270895245,0.31935417131025046,0.32103357149848294,Clothing,Meera Das,40.0,Ahmedabad,2024-01-11,11,1,2024,False,False,True,5,87.88250000000001,Medium,1.0,66,0.0,0.0,80.2,0.0,0.0,256.73,14.6,0.0
T000799,U0113,P030,38.76,2024-04-08,8,4,2024,0,0,False,False,False,False,True,False,3.6828613817883733,6.2257529665093525,-0.6800014567209233,0.11823431535675834,Home,Ira Kulkarni,32.0,Bengaluru,2024-04-18,18,4,2024,True,False,False,3,69.23,Low,0.0,572,0.0,105.27,0.0,0.0,0.0,102.41999999999999,0.0,0.0
T000800,U0069,P037,76.98,2023-11-06,6,11,2023,0,0,False,True,False,False,False,False,4.356452383554451,8.773824707617539,0.24170153805107147,0.30527552119017326,Clothing,Ira Nair,34.0,Chennai,2023-11-17,17,11,2023,True,False,False,6,92.42,High,2.0,720,0.0,52.76,108.65,0.0,0.0,92.78,207.91,0.0
T000801,U0193,P045,126.42,2023-07-18,18,7,2023,1,1,False,False,False,False,False,True,4.847488716688342,11.243664882946307,1.43398296299946,0.5472252128804933,Grocery,Ishaan Chopra,33.0,Chennai,2023-03-12,12,3,2023,False,False,True,5,88.7475,Medium,1.0,249,0.0,136.95999999999998,0.0,91.61,126.42,0.0,0.0,0.0
T000802,U0022,P043,95.09,2025-04-27,27,4,2025,0,0,False,False,False,False,True,False,4.5652852522891765,9.751410154434076,0.6784373108224169,0.39390231966330624,Home,Anaya Das,30.0,Bhopal,2023-02-10,10,2,2023,False,False,True,5,82.0875,Medium,1.0,188,0.0,43.6,71.92,0.0,0.0,134.29000000000002,0.0,78.54
T000803,U0194,P038,56.59,2023-05-05,5,5,2023,0,0,False,False,True,False,False,False,4.053348941518581,7.522632517942107,-0.25001808684168025,0.2054908485856905,Home,Vihaan Kapoor,22.0,Ahmedabad,2024-07-19,19,7,2024,False,True,False,5,68.1025,Medium,1.0,222,0.0,110.05000000000001,0.0,0.0,0.0,56.59,85.99,19.78
T000804,U0100,P034,37.03,2025-08-30,30,8,2025,0,0,False,False,False,True,False,False,3.638375321940168,6.085228015448559,-0.7217216603042709,0.10976803366937458,Books,Anaya Mukherjee,30.0,Visakhapatnam,2022-04-29,29,4,2022,False,False,True,8,113.37,High,2.0,63,0.0,84.14,0.0,63.2,52.81,64.62,189.65,112.43
T000805,U0147,P016,83.01,2024-09-04,4,9,2024,0,0,False,False,False,True,False,False,4.4309358393767555,9.11098238391448,0.38711935747742227,0.3347851619849271,Books,Ishaan Mehta,22.0,Ghaziabad,2023-09-14,14,9,2023,False,True,False,12,75.10333333333334,High,2.0,7,40.02,257.28,32.85,103.53999999999999,77.19,141.2,0.0,23.85
T000806,U0021,P026,69.14,2023-03-13,13,3,2023,1,1,False,False,False,False,False,True,4.2504932447120325,8.315046602394961,0.0526342570722007,0.26690809435254964,Beauty,Ishaan Gupta,43.0,Patna,2024-06-16,16,6,2024,False,True,False,4,83.7875,Medium,1.0,473,117.85,119.5,0.0,0.0,0.0,97.8,0.0,0.0
T000807,U0129,P037,93.42,2023-10-29,29,10,2023,0,0,True,False,False,False,False,False,4.54775291511814,9.665402216152208,0.6381640507159482,0.38572966624253696,Clothing,Arjun Das,32.0,Indore,2023-02-22,22,2,2023,False,True,False,7,109.98,High,2.0,245,26.4,66.65,93.42,0.0,0.0,207.53,45.92,0.0
T000808,U0031,P049,79.93,2023-12-21,21,12,2023,0,0,False,False,False,True,False,False,4.393584583507611,8.94035793466906,0.31284292566429456,0.31971224429871786,Home,Aarohi Khan,27.0,Lucknow,2022-04-25,25,4,2022,False,False,True,4,131.71333333333334,High,2.0,15,0.0,0.0,0.0,0.0,64.81,330.33000000000004,0.0,0.0
T000809,U0043,P014,102.49,2023-09-16,16,9,2023,0,0,False,False,True,False,False,False,4.639474989680082,10.123734488813898,0.8568936729708405,0.4301164725457571,Beauty,Ira Roy,31.0,Kolkata,2022-08-19,19,8,2022,False,True,False,7,111.08999999999999,High,2.0,131,102.49,168.36,0.0,0.0,55.58,322.53999999999996,0.0,17.57
T000810,U0011,P028,39.6,2025-06-10,10,6,2025,0,0,False,True,False,False,False,False,3.703768066607687,6.29285308902091,-0.6597442480446156,0.12234511108936087,Home,Myra Kapoor,28.0,Nagpur,2022-03-22,22,3,2022,False,True,False,4,107.825,Low,0.0,144,0.0,0.0,0.0,62.08,0.0,153.57,0.0,0.0
T000811,U0052,P041,120.35,2024-06-12,12,6,2024,0,0,False,False,True,False,False,False,4.79867893217261,10.970414759707127,1.287600514588523,0.5175198199079964,Home,Vivaan Patel,28.0,Nagpur,2024-01-16,16,1,2024,False,True,False,12,84.46777777777778,High,2.0,24,57.08,122.91999999999999,157.13,134.35,97.29,191.44,0.0,0.0
T000812,U0082,P047,61.47,2023-06-28,28,6,2023,0,0,False,True,False,False,False,False,4.134686441505479,7.840280607223188,-0.1323333507221792,0.22937261427033373,Electronics,Ishaan Verma,34.0,Lucknow,2024-02-29,29,2,2024,False,True,False,7,66.91666666666667,High,2.0,30,0.0,188.73000000000002,0.0,61.47,38.92,112.38,0.0,0.0
T000813,U0100,P036,189.65,2024-10-29,29,10,2024,0,0,False,False,False,True,False,False,5.250439286303573,13.771347065556078,2.958820230383898,0.8566604678477049,Sports,Anaya Mukherjee,30.0,Visakhapatnam,2022-04-29,29,4,2022,False,False,True,8,113.37,High,2.0,63,0.0,84.14,0.0,63.2,52.81,64.62,189.65,112.43
T000814,U0071,P034,36.11,2023-01-26,26,1,2023,0,0,False,False,False,True,False,False,3.613886475072506,6.009159675029446,-0.7439081269497507,0.10526573358128609,Books,Kabir Roy,34.0,Bengaluru,2022-01-10,10,1,2022,True,False,False,9,82.455,High,2.0,315,156.49,36.11,0.0,52.49,29.53,299.53,85.49,0.0
T000815,U0180,P040,154.71,2025-05-09,9,5,2025,0,0,True,False,False,False,False,False,5.047995302853334,12.438247464976728,2.1162168123479614,0.6856709405892142,Grocery,Reyansh Verma,53.0,Bhopal,2022-04-27,27,4,2022,True,False,False,7,122.6075,High,2.0,19,0.0,0.0,190.78,0.0,221.44,48.04,30.17,0.0
T000816,U0029,P027,61.48,2023-10-31,31,10,2023,0,0,False,False,True,False,False,False,4.1348465055314305,7.840918313565063,-0.13209219347603274,0.22942155231476946,Toys,Sara Roy,27.0,Jaipur,2024-09-21,21,9,2024,False,False,True,3,70.53,Low,0.0,24,0.0,0.0,52.74,0.0,0.0,0.0,0.0,88.32
T000817,U0146,P038,36.93,2023-07-25,25,7,2023,0,0,True,False,False,False,False,False,3.6357423557008075,6.0770058416953985,-0.7241332327657362,0.10927865322501713,Home,Meera Patel,38.0,Chennai,2023-04-22,22,4,2023,False,False,True,4,69.02333333333333,Low,0.0,356,71.67,0.0,53.13,45.34,0.0,36.93,0.0,0.0
T000818,U0028,P037,40.84,2024-08-08,8,8,2024,0,0,False,True,False,False,False,False,3.7338528197566676,6.390618123468183,-0.6298407495224472,0.1284134285993932,Clothing,Kiara Kulkarni,35.0,Nagpur,2023-01-26,26,1,2023,False,True,False,9,101.28,High,2.0,70,101.57000000000001,174.23000000000002,252.42000000000002,0.0,0.0,125.28,0.0,55.46
T000819,U0138,P023,45.05,2024-06-24,24,6,2024,0,0,False,False,False,True,False,False,3.829727762701316,6.711929677819934,-0.528313548894763,0.14901634530684155,Books,Aadhya Chopra,29.0,Mumbai,2022-03-27,27,3,2022,False,False,True,6,131.64000000000001,High,2.0,7,62.45,244.98000000000002,0.0,42.74,0.0,176.39000000000001,0.0,0.0
T000820,U0099,P042,70.42,2025-08-26,26,8,2025,0,0,False,False,False,True,False,False,4.268577942166303,8.391662528962899,0.08350238457895512,0.27317216404032496,Home,Vihaan Kulkarni,32.0,Kanpur,2024-01-17,17,1,2024,True,False,False,5,70.554,Medium,1.0,67,0.0,0.0,110.1,0.0,105.85,136.82,0.0,0.0
T000821,U0010,P012,74.72,2025-04-05,5,4,2025,0,0,False,False,False,False,True,False,4.327042326341122,8.644073113989723,0.1872000004219581,0.294215523147695,Sports,Diya Kulkarni,36.0,Delhi,2024-01-18,18,1,2024,True,False,False,4,47.78,Low,0.0,210,53.81,0.0,0.0,0.0,22.48,40.11,74.72,0.0
T000822,U0037,P040,38.7,2025-04-02,2,4,2025,0,0,True,False,False,False,False,False,3.681351187693145,6.220932405998316,-0.6814484001978023,0.1179406870901439,Grocery,Aarav Patel,33.0,Surat,2022-09-03,3,9,2022,True,False,False,4,63.22,Medium,1.0,213,0.0,90.93,69.95,53.3,38.7,0.0,0.0,0.0
T000823,U0010,P026,53.81,2024-05-01,1,5,2024,0,0,False,False,False,False,True,False,4.003872659058025,7.335529974037323,-0.31705980127041244,0.1918860722325536,Beauty,Diya Kulkarni,36.0,Delhi,2024-01-18,18,1,2024,True,False,False,4,47.78,Low,0.0,210,53.81,0.0,0.0,0.0,22.48,40.11,74.72,0.0
T000824,U0013,P048,197.43,2024-07-04,4,7,2024,0,0,False,False,False,True,False,False,5.290436393097161,14.050978613605531,3.14644056788589,0.894734266418714,Clothing,Diya Chopra,33.0,Bengaluru,2022-02-16,16,2,2022,False,True,False,4,96.2925,Medium,1.0,176,0.0,57.05,197.43,130.69,0.0,0.0,0.0,0.0
T000825,U0096,P002,153.93,2024-09-12,12,9,2024,0,0,False,False,False,False,True,False,5.042973402008201,12.406852945046138,2.097406547148533,0.681853773123226,Grocery,Aditya Khan,20.0,Visakhapatnam,2023-02-14,14,2,2023,True,False,False,6,102.89750000000001,High,2.0,46,108.61,0.0,0.0,58.3,200.99,0.0,0.0,43.69
T000826,U0080,P018,70.94,2023-07-21,21,7,2023,0,0,False,False,False,True,False,False,4.275832438267478,8.422588675698226,0.096042561378574,0.27571694235098365,Electronics,Ishaan Amin,18.0,Jaipur,2024-07-16,16,7,2024,True,False,False,7,62.01285714285715,High,2.0,200,0.0,0.0,59.05,101.83,138.17,43.27,91.77,0.0
T000827,U0059,P009,55.86,2025-06-26,26,6,2025,0,0,False,False,False,False,True,False,4.040592106222854,7.473954776421918,-0.2676225658103762,0.20191837134188118,Clothing,Vivaan Iyer,34.0,Mumbai,2023-02-04,4,2,2023,True,False,False,5,63.89,Medium,1.0,62,71.28,0.0,144.87,39.41,0.0,0.0,0.0,0.0
T000828,U0199,P021,58.68,2025-05-03,3,5,2025,0,0,False,False,False,False,True,False,4.088996955895506,7.660287200882223,-0.1996162223970579,0.21571889987276105,Books,Meera Roy,32.0,Ghaziabad,2022-02-10,10,2,2022,False,True,False,9,92.57285714285715,High,2.0,81,0.0,288.35,40.28,61.43,0.0,218.94,39.01,0.0
T000829,U0155,P042,78.89,2024-01-20,20,1,2024,0,0,False,True,False,False,False,False,4.380650688493951,8.882004278314664,0.28776257206505645,0.3146226876774004,Home,Diya Roy,34.0,Ahmedabad,2023-03-22,22,3,2023,False,False,True,5,53.04,Medium,1.0,223,0.0,0.0,0.0,0.0,51.47,78.89,39.17,95.67
T000830,U0114,P014,29.56,2025-09-19,19,9,2025,0,0,False,False,False,True,False,False,3.4196919642983197,5.436910887627275,-0.9018661231757203,0.07321131447587355,Beauty,Sai Singh,51.0,Chennai,2022-05-31,31,5,2022,False,True,False,7,121.62666666666667,Medium,1.0,43,29.56,126.61000000000001,0.0,41.06,83.68,83.97,0.0,0.0
T000831,U0195,P034,46.79,2023-04-26,26,4,2023,0,0,False,False,False,False,True,False,3.866816412590067,6.840321629865075,-0.4863521880652687,0.15753156503866106,Books,Ishaan Reddy,33.0,Delhi,2022-06-19,19,6,2022,False,True,False,5,118.4225,High,2.0,276,0.0,108.28,0.0,0.0,0.0,130.41,0.0,235.0
T000832,U0132,P011,20.06,2024-09-29,29,9,2024,0,0,False,True,False,False,False,False,3.0473755067058295,4.4788391353117385,-1.1309655070149132,0.026720172261916406,Electronics,Aarav Chopra,32.0,Bhopal,2022-01-07,7,1,2022,True,False,False,6,79.0025,Medium,1.0,66,52.58,0.0,120.87,20.06,0.0,57.95,0.0,64.55
T000833,U0182,P033,69.38,2023-10-05,5,10,2023,0,0,False,False,False,True,False,False,4.253909131893439,8.32946576918352,0.05842203097971702,0.2680826074190075,Clothing,Vivaan Reddy,25.0,Patna,2024-08-29,29,8,2024,False,True,False,11,109.83833333333332,High,2.0,4,0.0,104.02,236.67,0.0,55.53,262.81,0.0,0.0
T000834,U0200,P034,80.5,2023-03-01,1,3,2023,0,0,True,False,False,False,False,False,4.400603020246817,8.972179222463181,0.326588888694646,0.32250171283155527,Books,Kiara Nair,22.0,Jaipur,2022-01-27,27,1,2022,False,False,True,6,68.578,Medium,1.0,69,0.0,80.5,44.29,25.33,73.37,38.65,0.0,80.75
T000835,U0045,P013,40.86,2023-04-29,29,4,2023,0,0,False,False,True,False,False,False,3.7343307170178535,6.3921827257987545,-0.6293584350301543,0.12851130468826466,Beauty,Sai Chopra,20.0,Mumbai,2022-03-14,14,3,2022,False,True,False,8,136.31,High,2.0,205,120.96,218.42,94.7,0.0,63.37,0.0,0.0,184.1
T000836,U0064,P003,140.39,2023-04-14,14,4,2023,0,0,False,False,False,True,False,False,4.951522029603749,11.848628612628552,1.7708796358661463,0.6155916609572282,Beauty,Ira Amin,22.0,Delhi,2024-09-10,10,9,2024,False,True,False,7,81.41333333333334,High,2.0,231,140.39,0.0,0.0,68.68,90.41,40.97,122.71000000000001,25.32
T000837,U0093,P046,26.17,2024-07-15,15,7,2024,0,0,False,False,True,False,False,False,3.3021134234382563,5.115662224971465,-0.9836184296193903,0.056621317412156216,Toys,Meera Ghosh,26.0,Thane,2022-12-25,25,12,2022,False,True,False,3,39.01666666666667,Low,0.0,474,0.0,0.0,34.68,0.0,0.0,0.0,56.2,26.17
T000838,U0095,P030,22.68,2025-03-23,23,3,2025,0,0,True,False,False,False,False,False,3.164630810015805,4.762352359916263,-1.0677823085245253,0.03954193990408143,Home,Muhammad Bose,28.0,Jaipur,2024-06-04,4,6,2024,True,False,False,6,69.31333333333333,High,2.0,223,77.82,51.2,14.6,160.25,0.0,112.00999999999999,0.0,0.0
T000839,U0163,P008,62.47,2023-03-04,4,3,2023,1,1,False,False,False,False,False,True,4.150567353318379,7.903796556086196,-0.10821762610752733,0.2342664187139082,Books,Sara Khan,41.0,Mumbai,2023-06-14,14,6,2023,False,False,True,7,153.566,High,2.0,282,76.58,62.47,58.96,0.0,0.0,297.73,0.0,272.09000000000003
T000840,U0062,P024,102.34,2025-07-02,2,7,2025,0,0,False,False,False,True,False,False,4.638024522859038,10.116323442832382,0.8532763142786429,0.4293824018792209,Home,Muhammad Verma,30.0,Vadodara,2022-03-04,4,3,2022,False,False,True,7,95.504,High,2.0,122,114.33000000000001,225.56,0.0,0.0,0.0,102.34,0.0,35.29
T000841,U0046,P031,149.96,2024-12-17,17,12,2024,0,0,True,False,False,False,False,False,5.0170149010602945,12.245815611873306,2.0016671204283654,0.6624253694822356,Grocery,Vivaan Ghosh,26.0,Delhi,2024-05-30,30,5,2024,False,True,False,4,123.63,High,2.0,24,218.94,28.54,0.0,0.0,149.96,0.0,0.0,97.08
T000842,U0089,P011,41.46,2023-07-05,5,7,2023,0,0,False,False,False,False,True,False,3.74856245627511,6.438944012802099,-0.6148890002613632,0.1314475873544093,Electronics,Kiara Kulkarni,27.0,Ahmedabad,2024-08-05,5,8,2024,False,False,True,7,66.04666666666667,High,2.0,263,0.0,81.05,128.41,123.55000000000001,27.79,35.48,0.0,0.0
T000843,U0073,P002,104.29,2023-04-12,12,4,2023,0,0,False,False,False,True,False,False,4.656718447868668,10.212247548899311,0.9003019772772142,0.43892532054419103,Grocery,Aarohi Das,31.0,Jaipur,2022-05-16,16,5,2022,False,False,True,5,84.952,High,2.0,16,110.79,98.9,110.78,0.0,104.29,0.0,0.0,0.0
T000844,U0042,P037,53.35,2024-03-29,29,3,2024,0,0,False,False,True,False,False,False,3.9954446135672184,7.304108432930059,-0.32815303459315237,0.18963492218850936,Clothing,Muhammad Singh,33.0,Kanpur,2023-03-25,25,3,2023,True,False,False,3,74.385,Low,0.0,21,0.0,0.0,74.46000000000001,74.31,0.0,0.0,0.0,0.0
T000845,U0166,P015,49.23,2024-02-28,28,2,2024,1,1,False,False,False,False,False,True,3.9166124577619534,7.0164093381159,-0.4275098200055182,0.16947244788098265,Books,Meera Roy,35.0,Bengaluru,2022-10-29,29,10,2022,False,True,False,5,83.738,High,2.0,192,0.0,132.34,0.0,0.0,0.0,189.78,96.57,0.0
T000846,U0069,P042,92.78,2023-02-11,11,2,2023,0,0,False,False,False,True,False,False,4.5409516136614405,9.632237538599222,0.622729986962571,0.38259763139864933,Home,Ira Nair,34.0,Chennai,2023-11-17,17,11,2023,True,False,False,6,92.42,High,2.0,720,0.0,52.76,108.65,0.0,0.0,92.78,207.91,0.0
T000847,U0200,P050,80.75,2023-01-19,19,1,2023,1,1,False,False,False,False,False,True,4.403665809777363,8.986100377805714,0.3326178198483089,0.3237251639424488,Toys,Kiara Nair,22.0,Jaipur,2022-01-27,27,1,2022,False,False,True,6,68.578,Medium,1.0,69,0.0,80.5,44.29,25.33,73.37,38.65,0.0,80.75
T000848,U0122,P009,21.2,2023-12-21,21,12,2023,1,1,False,False,False,False,False,True,3.100092288878234,4.604345773288535,-1.10347358095421,0.032299109327591266,Clothing,Myra Kulkarni,24.0,Visakhapatnam,2023-03-13,13,3,2023,False,False,True,3,44.42333333333334,Low,0.0,221,0.0,36.26,97.01,0.0,0.0,0.0,0.0,0.0
T000849,U0154,P001,132.41,2024-05-31,31,5,2024,0,0,False,False,True,False,False,False,4.893427093190715,11.506954418958998,1.5784361534412246,0.5765391014975042,Grocery,Kiara Joshi,33.0,Indore,2024-09-10,10,9,2024,False,True,False,1,132.41,Low,0.0,519,0.0,0.0,0.0,0.0,132.41,0.0,0.0,0.0
T000850,U0156,P020,124.97,2024-07-17,17,7,2024,1,1,False,False,False,False,False,True,4.836043783364212,11.178998166204341,1.3990151623082148,0.5401291964373104,Toys,Reyansh Amin,26.0,Jaipur,2023-09-23,23,9,2023,False,False,True,4,92.12,Medium,1.0,449,0.0,0.0,46.92,0.0,0.0,104.47,0.0,124.97
T000851,U0109,P025,37.51,2025-07-29,29,7,2025,0,0,False,False,False,False,True,False,3.6509179478268177,6.124540799113024,-0.7101461124892381,0.1121170598022903,Electronics,Aarav Singh,34.0,Chennai,2023-03-17,17,3,2023,True,False,False,3,49.00666666666667,Low,0.0,95,0.0,0.0,0.0,37.51,30.28,0.0,79.23,0.0
T000852,U0065,P014,69.23,2024-09-10,10,9,2024,0,0,False,False,False,True,False,False,4.251775570170929,8.32045671823368,0.05480467228751945,0.2673485367524714,Beauty,Ira Gupta,38.0,Bengaluru,2023-09-02,2,9,2023,False,True,False,4,58.042500000000004,Low,0.0,20,166.07,24.31,41.79,0.0,0.0,0.0,0.0,0.0
T000853,U0174,P034,73.44,2025-03-24,24,3,2025,0,0,True,False,False,False,False,False,4.30999343177405,8.56971411425142,0.15633187291520367,0.28795145345991974,Books,Ira Kulkarni,34.0,Hyderabad,2024-05-02,2,5,2024,True,False,False,7,50.82714285714285,Medium,1.0,39,48.04,100.94,14.6,0.0,52.3,23.15,116.76,0.0
T000854,U0150,P007,63.84,2025-02-05,5,2,2025,0,0,False,True,False,False,False,False,4.171922696867475,7.989993742175272,-0.07517908338545416,0.2409709308016052,Books,Muhammad Gupta,34.0,Kolkata,2022-04-15,15,4,2022,False,False,True,9,76.415,High,2.0,91,25.34,139.48000000000002,30.15,58.45,0.0,84.41,101.44,19.22
T000855,U0144,P042,39.24,2024-08-01,1,8,2024,0,0,True,False,False,False,False,False,3.6948615257914836,6.26418390534633,-0.6684259089058903,0.12058334148967408,Home,Aditya Verma,33.0,Kolkata,2022-07-24,24,7,2022,False,True,False,2,57.815,Low,0.0,22,0.0,0.0,76.39,0.0,0.0,39.24,0.0,0.0
T000856,U0077,P044,36.49,2025-09-13,13,9,2025,0,0,False,True,False,False,False,False,3.6240742307478206,6.040695324215583,-0.7347441515961829,0.10712537926984438,Beauty,Vihaan Reddy,32.0,Hyderabad,2024-06-30,30,6,2024,True,False,False,6,52.965999999999994,Medium,1.0,49,36.49,0.0,0.0,61.69,19.57,104.96000000000001,0.0,42.12
T000857,U0017,P022,53.77,2024-10-27,27,10,2024,0,0,False,False,False,False,True,False,4.00314259879563,7.332803011127464,-0.31802443025499855,0.19169032005481063,Electronics,Ishaan Gupta,23.0,Pune,2023-07-01,1,7,2023,False,False,True,5,91.42,Medium,1.0,55,0.0,83.98,55.29,53.77,0.0,0.0,22.39,150.25
T000858,U0071,P017,110.35,2024-09-03,3,9,2024,1,1,False,False,False,False,False,True,4.712678393703377,10.504760825454333,1.0464432684420042,0.46858177547225205,Beauty,Kabir Roy,34.0,Bengaluru,2022-01-10,10,1,2022,True,False,False,9,82.455,High,2.0,315,156.49,36.11,0.0,52.49,29.53,299.53,85.49,0.0
T000859,U0049,P010,75.65,2024-05-07,7,5,2024,0,0,True,False,False,False,False,False,4.339249605317823,8.697700845625814,0.2096276243135845,0.2987667612802193,Sports,Saanvi Chopra,34.0,Kolkata,2024-03-14,14,3,2024,True,False,False,5,130.0,High,2.0,15,0.0,100.84,0.0,142.01,41.13,30.37,75.65,0.0
T000860,U0015,P039,43.71,2024-10-16,16,10,2024,0,0,False,False,False,True,False,False,3.800197190245889,6.611353870426238,-0.5606286198783964,0.14245864735245178,Grocery,Vihaan Bose,18.0,Thane,2023-10-13,13,10,2023,True,False,False,5,110.2625,High,2.0,146,0.0,350.07,0.0,0.0,43.71,47.27,0.0,0.0
T000861,U0175,P009,86.75,2023-02-22,22,2,2023,1,1,False,False,False,False,False,True,4.4744918623459755,9.313968005098578,0.47731216753622013,0.35308799060389545,Clothing,Muhammad Singh,34.0,Kanpur,2022-07-03,3,7,2022,False,True,False,6,79.61,Medium,1.0,257,0.0,0.0,121.2,74.53999999999999,0.0,21.46,0.0,101.24
T000862,U0168,P032,14.6,2024-06-15,15,6,2024,0,0,False,False,False,False,True,False,2.747270914255491,3.82099463490856,-1.2626373634109125,0.0,Books,Saanvi Mehta,47.0,Vadodara,2023-06-28,28,6,2023,True,False,False,5,64.9375,Medium,1.0,504,0.0,87.46,39.9,0.0,106.16,26.23,0.0,0.0
T000863,U0108,P026,108.77,2023-03-14,14,3,2023,0,0,False,False,False,True,False,False,4.698387267699225,10.42928568982555,1.0083404235508544,0.4608495644514045,Beauty,Saanvi Singh,33.0,Vadodara,2024-05-03,3,5,2024,True,False,False,6,75.902,Medium,1.0,99,108.77,48.7,0.0,57.17,52.21,112.66,0.0,0.0
T000864,U0150,P046,19.22,2024-01-24,24,1,2024,0,0,True,False,False,False,False,False,3.006672213592325,4.384062043356595,-1.151222715691221,0.022609376529313885,Toys,Muhammad Gupta,34.0,Kolkata,2022-04-15,15,4,2022,False,False,True,9,76.415,High,2.0,91,25.34,139.48000000000002,30.15,58.45,0.0,84.41,101.44,19.22
T000865,U0088,P047,43.93,2024-03-31,31,3,2024,1,1,False,False,False,False,False,True,3.8051057230820686,6.627971031922213,-0.555323160463173,0.14353528433003815,Electronics,Sai Patel,34.0,Vadodara,2024-06-24,24,6,2024,True,False,False,3,104.09666666666665,Medium,1.0,2,0.0,0.0,0.0,43.93,0.0,100.07,0.0,168.29
T000866,U0176,P035,27.89,2025-09-01,1,9,2025,1,1,False,False,False,False,False,True,3.363495514478144,5.281098370604358,-0.942139383282189,0.06503866105510424,Sports,Kabir Sharma,38.0,Vadodara,2022-05-10,10,5,2022,False,False,True,5,94.39999999999999,Medium,1.0,46,0.0,60.82,0.0,97.36,0.0,97.13,27.89,0.0
T000867,U0172,P023,25.11,2024-09-06,6,9,2024,0,0,True,False,False,False,False,False,3.2623183827110376,5.01098792654702,-1.0091810977109212,0.0514338847019673,Books,Vihaan Kapoor,25.0,Pune,2022-07-16,16,7,2022,False,False,True,5,63.964,Medium,1.0,291,0.0,112.9,0.0,83.15,0.0,47.82,0.0,75.95
T000868,U0044,P043,109.56,2024-01-06,6,1,2024,0,0,True,False,False,False,False,False,4.70555836001936,10.467091286503619,1.0273918459964295,0.4647156699618283,Home,Aditya Nair,29.0,Patna,2023-07-22,22,7,2023,False,True,False,7,102.878,High,2.0,35,0.0,14.6,178.51000000000002,0.0,69.48,251.8,0.0,0.0
T000869,U0076,P007,41.24,2023-09-20,20,9,2023,0,0,False,False,False,True,False,False,3.743367639398006,6.421837743200929,-0.6201944596765865,0.13037095037682295,Books,Ira Sharma,38.0,Vadodara,2022-11-03,3,11,2022,False,False,True,7,83.45666666666666,High,2.0,19,0.0,240.39999999999998,60.89,59.75,86.16,0.0,53.54,0.0
T000870,U0190,P017,67.22,2024-01-10,10,1,2024,1,1,False,False,False,False,False,True,4.2227377769905,8.198780397107853,0.006332065812069061,0.25751198982088674,Beauty,Aarav Mukherjee,19.0,Ghaziabad,2023-04-27,27,4,2023,True,False,False,5,66.605,Medium,1.0,85,67.22,38.65,0.0,15.66,106.19,0.0,38.7,0.0
T000871,U0175,P022,53.08,2023-07-02,2,7,2023,1,1,False,False,False,False,False,True,3.9904644317347087,7.285602240034794,-0.33466428023910844,0.18831359498874423,Electronics,Muhammad Singh,34.0,Kanpur,2022-07-03,3,7,2022,False,True,False,6,79.61,Medium,1.0,257,0.0,0.0,121.2,74.53999999999999,0.0,21.46,0.0,101.24
T000872,U0057,P023,72.69,2024-09-20,20,9,2024,0,0,False,False,True,False,False,False,4.299867104778908,8.525843066817497,0.13824507945421477,0.2842811001272389,Books,Aarav Gupta,25.0,Pune,2023-02-21,21,2,2023,False,True,False,5,87.152,High,2.0,407,132.32,72.69,30.35,55.01,0.0,145.39,0.0,0.0
T000873,U0108,P022,57.17,2024-06-17,17,6,2024,0,0,False,False,False,False,True,False,4.06336975792267,7.561084578286372,-0.2360309665651822,0.2083292551629637,Electronics,Saanvi Singh,33.0,Vadodara,2024-05-03,3,5,2024,True,False,False,6,75.902,Medium,1.0,99,108.77,48.7,0.0,57.17,52.21,112.66,0.0,0.0
T000874,U0150,P019,25.28,2023-08-30,30,8,2023,0,0,False,False,False,True,False,False,3.26880819361641,5.027922035990614,-1.0050814245264303,0.05226583145737497,Home,Muhammad Gupta,34.0,Kolkata,2022-04-15,15,4,2022,False,False,True,9,76.415,High,2.0,91,25.34,139.48000000000002,30.15,58.45,0.0,84.41,101.44,19.22
T000875,U0121,P004,99.26,2023-05-26,26,5,2023,1,1,False,False,False,False,False,True,4.607766811835357,9.962931295557548,0.7789998824655152,0.41430948419301167,Toys,Ira Kapoor,38.0,Lucknow,2024-08-30,30,8,2024,False,False,True,7,76.548,Medium,1.0,75,62.35,79.14,0.0,0.0,30.6,111.39,0.0,99.26
T000876,U0121,P013,40.6,2023-09-03,3,9,2023,0,0,True,False,False,False,False,False,3.728100167267218,6.371812928829597,-0.6356285234299637,0.12723891553293531,Beauty,Ira Kapoor,38.0,Lucknow,2024-08-30,30,8,2024,False,False,True,7,76.548,Medium,1.0,75,62.35,79.14,0.0,0.0,30.6,111.39,0.0,99.26
T000877,U0175,P025,21.46,2024-09-03,3,9,2024,0,0,True,False,False,False,False,False,3.111735949310297,4.632493928760188,-1.0972034925544005,0.033571498482920625,Electronics,Muhammad Singh,34.0,Kanpur,2022-07-03,3,7,2022,False,True,False,6,79.61,Medium,1.0,257,0.0,0.0,121.2,74.53999999999999,0.0,21.46,0.0,101.24
T000878,U0106,P004,42.23,2023-10-09,9,10,2023,0,0,False,False,True,False,False,False,3.7665346986795405,6.498461356351979,-0.5963198923080812,0.13521581677596162,Toys,Aadhya Singh,35.0,Ahmedabad,2022-07-16,16,7,2022,False,False,True,5,50.555,Low,0.0,68,0.0,0.0,38.0,44.22,48.02,0.0,0.0,71.97999999999999
T000879,U0052,P022,134.35,2025-07-26,26,7,2025,0,0,False,False,False,True,False,False,4.90786401606031,11.59094474147815,1.625220659193649,0.5860330821180386,Electronics,Vivaan Patel,28.0,Nagpur,2024-01-16,16,1,2024,False,True,False,12,84.46777777777778,High,2.0,24,57.08,122.91999999999999,157.13,134.35,97.29,191.44,0.0,0.0
T000880,U0037,P021,90.93,2024-01-05,5,1,2024,1,1,False,False,False,False,False,True,4.521027417875663,9.535722311393092,0.5781158964254651,0.3735440931780366,Books,Aarav Patel,33.0,Surat,2022-09-03,3,9,2022,True,False,False,4,63.22,Medium,1.0,213,0.0,90.93,69.95,53.3,38.7,0.0,0.0,0.0
T000881,U0200,P006,44.29,2024-11-12,12,11,2024,0,0,False,False,False,True,False,False,3.8130862575681226,6.655073252789935,-0.5466414996018983,0.14529705392972497,Clothing,Kiara Nair,22.0,Jaipur,2022-01-27,27,1,2022,False,False,True,6,68.578,Medium,1.0,69,0.0,80.5,44.29,25.33,73.37,38.65,0.0,80.75
T000882,U0162,P012,44.28,2023-04-29,29,4,2023,0,0,False,False,False,False,True,False,3.8128654338949275,6.65432190384565,-0.5468826568480448,0.14524811588528924,Sports,Muhammad Mehta,38.0,Lucknow,2022-10-14,14,10,2022,True,False,False,6,76.75,Medium,1.0,252,0.0,15.74,134.48,0.0,47.37,24.73,84.68,0.0
T000883,U0002,P029,45.02,2024-03-04,4,3,2024,0,0,False,False,False,False,True,False,3.82907608460722,6.709694478886502,-0.5290370206332025,0.1488695311735343,Clothing,Sai Reddy,30.0,Hyderabad,2023-11-24,24,11,2023,False,False,True,6,129.68,High,2.0,553,187.02,0.0,45.02,0.0,0.0,0.0,0.0,157.0
T000884,U0195,P050,189.81,2023-11-21,21,11,2023,0,0,False,False,True,False,False,False,5.2512781685422505,13.77715500384604,2.962678746322242,0.8574434765586768,Toys,Ishaan Reddy,33.0,Delhi,2022-06-19,19,6,2022,False,True,False,5,118.4225,High,2.0,276,0.0,108.28,0.0,0.0,0.0,130.41,0.0,235.0
T000885,U0126,P049,68.66,2023-09-23,23,9,2023,0,0,False,True,False,False,False,False,4.243626264937855,8.286132994346639,0.0410587092571677,0.26455906821963393,Home,Myra Gupta,49.0,Surat,2022-08-29,29,8,2022,False,False,True,6,79.382,High,2.0,462,47.24,16.46,0.0,0.0,0.0,68.66,115.98,148.57
T000886,U0158,P028,70.67,2025-05-29,29,5,2025,1,1,False,False,False,False,False,True,4.272072250005828,8.406545069170807,0.08953131573261809,0.2743956151512186,Home,Saanvi Khan,35.0,Kolkata,2024-04-30,30,4,2024,True,False,False,5,85.5725,Medium,1.0,156,129.83,0.0,0.0,0.0,15.27,70.67,0.0,126.52000000000001
T000887,U0104,P028,101.31,2025-02-24,24,2,2025,0,0,False,False,False,True,False,False,4.6280074198908485,10.065286881157437,0.8284371179255515,0.42434178330233924,Home,Anaya Kulkarni,25.0,Hyderabad,2024-01-08,8,1,2024,True,False,False,4,79.22,Medium,1.0,61,0.0,0.0,0.0,83.75,94.61,101.31,0.0,37.21
T000888,U0002,P003,63.01,2024-02-13,13,2,2024,0,0,True,False,False,False,False,False,4.159039321153912,7.937883848986454,-0.09519513481561534,0.23690907311343834,Beauty,Sai Reddy,30.0,Hyderabad,2023-11-24,24,11,2023,False,False,True,6,129.68,High,2.0,553,187.02,0.0,45.02,0.0,0.0,0.0,0.0,157.0
T000889,U0188,P024,46.74,2024-10-21,21,10,2024,0,0,False,True,False,False,False,False,3.865769620910684,6.836665854054885,-0.48755797429600123,0.15728687481648235,Home,Muhammad Das,31.0,Bengaluru,2022-06-10,10,6,2022,True,False,False,8,81.32333333333334,High,2.0,242,0.0,49.1,222.48,0.0,0.0,142.34,74.02,0.0
T000890,U0194,P034,48.53,2023-02-06,6,2,2023,0,0,False,False,True,False,False,False,3.902578546600146,6.966347680097513,-0.4443908272357744,0.16604678477048057,Books,Vihaan Kapoor,22.0,Ahmedabad,2024-07-19,19,7,2024,False,True,False,5,68.1025,Medium,1.0,222,0.0,110.05000000000001,0.0,0.0,0.0,56.59,85.99,19.78
T000891,U0174,P001,52.3,2024-05-24,24,5,2024,1,1,False,False,False,False,False,True,3.975936331171799,7.231873892705818,-0.3534745454385369,0.1844964275227562,Grocery,Ira Kulkarni,34.0,Hyderabad,2024-05-02,2,5,2024,True,False,False,7,50.82714285714285,Medium,1.0,39,48.04,100.94,14.6,0.0,52.3,23.15,116.76,0.0
T000892,U0058,P045,53.39,2024-10-01,1,10,2024,0,0,False,False,False,False,True,False,3.9961803134348695,7.306846104852626,-0.32718840560856627,0.18983067436625234,Grocery,Meera Joshi,29.0,Nagpur,2024-07-13,13,7,2024,False,True,False,4,52.6725,Low,0.0,183,0.0,39.71,56.16,0.0,53.39,61.43,0.0,0.0
T000893,U0034,P007,84.49,2025-10-27,27,10,2025,0,0,False,False,False,True,False,False,4.448399410038142,9.191844211038392,0.4228106299071068,0.3420279925614172,Books,Vihaan Singh,23.0,Visakhapatnam,2023-09-16,16,9,2023,False,False,True,9,136.374,High,2.0,5,103.98,84.49,51.52,39.12,247.26999999999998,46.11,109.38,0.0
T000894,U0151,P020,56.33,2023-05-14,14,5,2023,0,0,False,False,True,False,False,False,4.048824046920291,7.505331438384317,-0.25628817524148984,0.20421845943036115,Toys,Kabir Kulkarni,34.0,Patna,2024-03-12,12,3,2024,False,True,False,8,94.825,High,2.0,220,33.2,263.46,136.95,0.0,0.0,0.0,79.01,56.33
T000895,U0012,P020,84.74,2025-07-22,22,7,2025,0,0,False,False,False,False,True,False,4.451319461169831,9.205433178292045,0.42883956106076976,0.3432514436723108,Toys,Aarohi Singh,28.0,Ghaziabad,2024-06-25,25,6,2024,False,False,True,8,122.76199999999999,High,2.0,27,49.85,185.72,0.0,215.85,54.06,23.59,0.0,84.74
T000896,U0187,P034,52.02,2024-11-22,22,11,2024,0,0,True,False,False,False,False,False,3.9706692008608795,7.212489168102785,-0.3602269483306393,0.18312616227855533,Books,Vivaan Kulkarni,35.0,Hyderabad,2024-08-28,28,8,2024,False,False,True,7,76.19800000000001,Medium,1.0,154,0.0,164.03,67.21,0.0,0.0,149.75,0.0,0.0
T000897,U0112,P044,57.24,2024-12-02,2,12,2024,0,0,False,False,True,False,False,False,4.06457240388843,7.5657121277510955,-0.23434286584215655,0.20867182147401392,Beauty,Meera Iyer,31.0,Bengaluru,2022-10-18,18,10,2022,False,False,True,5,59.4525,Low,0.0,334,57.24,48.86,0.0,0.0,33.24,98.47,0.0,0.0
T000898,U0126,P023,16.46,2023-12-04,4,12,2023,0,0,False,False,True,False,False,False,2.859912550411456,4.057092555020159,-1.21778211562766,0.009102476265048454,Books,Myra Gupta,49.0,Surat,2022-08-29,29,8,2022,False,False,True,6,79.382,High,2.0,462,47.24,16.46,0.0,0.0,0.0,68.66,115.98,148.57
T000899,U0104,P002,94.61,2024-04-04,4,4,2024,0,0,False,False,True,False,False,False,4.560277417097355,9.726767191621274,0.6668617630073839,0.39155329353039053,Grocery,Anaya Kulkarni,25.0,Hyderabad,2024-01-08,8,1,2024,True,False,False,4,79.22,Medium,1.0,61,0.0,0.0,0.0,83.75,94.61,101.31,0.0,37.21
T000900,U0187,P009,67.21,2023-02-14,14,2,2023,0,0,False,False,True,False,False,False,4.222591181666628,8.19817052762383,0.006090908565922419,0.25746305177645096,Clothing,Vivaan Kulkarni,35.0,Hyderabad,2024-08-28,28,8,2024,False,False,True,7,76.19800000000001,Medium,1.0,154,0.0,164.03,67.21,0.0,0.0,149.75,0.0,0.0
T000901,U0151,P033,99.37,2023-09-10,10,9,2023,0,0,False,False,True,False,False,False,4.608863357825709,9.96845023060255,0.7816526121731269,0.4148478026818048,Clothing,Kabir Kulkarni,34.0,Patna,2024-03-12,12,3,2024,False,True,False,8,94.825,High,2.0,220,33.2,263.46,136.95,0.0,0.0,0.0,79.01,56.33
T000902,U0094,P046,14.6,2023-03-18,18,3,2023,1,1,False,False,False,False,False,True,2.747270914255491,3.82099463490856,-1.2626373634109125,0.0,Toys,Kabir Ghosh,29.0,Mumbai,2023-11-07,7,11,2023,False,True,False,5,80.005,Medium,1.0,98,74.34,161.98,0.0,0.0,0.0,31.85,37.25,14.6
T000903,U0097,P041,191.14,2023-04-10,10,4,2023,0,0,False,False,False,False,True,False,5.258224272981592,13.825339055516865,2.9947526600597287,0.8639522364686307,Home,Aarohi Nair,34.0,Hyderabad,2024-06-17,17,6,2024,False,True,False,6,102.16799999999999,High,2.0,54,0.0,18.09,84.39,70.48,0.0,191.14,0.0,146.74
T000904,U0153,P004,50.21,2023-08-10,10,8,2023,1,1,False,False,False,False,False,True,3.935934825474459,7.08590149522275,-0.40387640988315926,0.17426837623568564,Toys,Diya Gupta,26.0,Lucknow,2022-01-13,13,1,2022,False,False,True,5,72.48,Medium,1.0,98,50.63,0.0,0.0,28.77,160.31,0.0,0.0,50.21
T000905,U0168,P002,106.16,2023-08-26,26,8,2023,0,0,False,True,False,False,False,False,4.674323044676408,10.303397497913005,0.9453983823066129,0.4480767348536752,Grocery,Saanvi Mehta,47.0,Vadodara,2023-06-28,28,6,2023,True,False,False,5,64.9375,Medium,1.0,504,0.0,87.46,39.9,0.0,106.16,26.23,0.0,0.0
T000906,U0107,P029,29.26,2023-09-11,11,9,2023,0,0,False,False,False,True,False,False,3.40982670836021,5.409251334519409,-0.9091008405601159,0.07174317314280122,Clothing,Kiara Bose,47.0,Pune,2023-09-23,23,9,2023,False,False,True,7,60.336,Medium,1.0,33,0.0,0.0,29.26,23.47,150.88,75.91,22.16,0.0
T000907,U0141,P017,78.86,2023-11-10,10,11,2023,0,0,False,False,False,True,False,False,4.380275101635076,8.88031530971733,0.2870391003266169,0.3144758735440932,Beauty,Anaya Nair,33.0,Jaipur,2024-02-10,10,2,2024,True,False,False,9,82.38166666666667,High,2.0,47,78.86,14.6,186.62,168.29999999999998,22.9,23.01,0.0,0.0
T000908,U0053,P045,29.02,2023-01-20,20,1,2023,1,1,False,False,False,False,False,True,3.401863826205316,5.387021440462252,-0.9148886144676326,0.07056866007634334,Grocery,Anaya Patel,26.0,Chennai,2022-07-14,14,7,2022,False,True,False,5,65.935,Medium,1.0,176,0.0,114.33,0.0,0.0,29.02,24.52,0.0,95.87
T000909,U0078,P027,37.55,2023-07-26,26,7,2023,1,1,False,False,False,False,False,True,3.6519561000093383,6.1278054799414114,-0.709181483504652,0.11231281198003328,Toys,Vihaan Kapoor,29.0,Jaipur,2022-10-16,16,10,2022,False,True,False,4,42.51,Low,0.0,375,0.0,16.06,0.0,75.44,0.0,40.99,0.0,37.55
T000910,U0170,P034,172.16,2023-10-08,8,10,2023,0,0,False,False,False,False,True,False,5.15421602257378,13.12097557348538,2.5370362068736365,0.771067828129588,Books,Diya Roy,25.0,Surat,2022-09-15,15,9,2022,True,False,False,7,115.75166666666667,High,2.0,122,0.0,172.16,0.0,79.34,110.02,292.81,0.0,40.18
T000911,U0108,P007,48.7,2023-08-30,30,8,2023,0,0,True,False,False,False,False,False,3.906004933102583,6.978538528947161,-0.4402911540512835,0.16687873152588822,Books,Saanvi Singh,33.0,Vadodara,2024-05-03,3,5,2024,True,False,False,6,75.902,Medium,1.0,99,108.77,48.7,0.0,57.17,52.21,112.66,0.0,0.0
T000912,U0073,P008,62.21,2025-10-16,16,10,2025,0,0,False,True,False,False,False,False,4.146462516484207,7.887331614684398,-0.11448771450733677,0.23299402955857884,Books,Aarohi Das,31.0,Jaipur,2022-05-16,16,5,2022,False,False,True,5,84.952,High,2.0,16,110.79,98.9,110.78,0.0,104.29,0.0,0.0,0.0
T000913,U0051,P039,92.02,2024-06-22,22,6,2024,0,0,False,False,True,False,False,False,4.532814523795951,9.592705562040356,0.6044020362554354,0.3788783400215327,Grocery,Kiara Mehta,34.0,Indore,2023-04-24,24,4,2023,True,False,False,3,72.70333333333333,Low,0.0,213,0.0,0.0,0.0,0.0,144.5,0.0,73.61,0.0
T000914,U0134,P013,73.51,2025-04-19,19,4,2025,0,0,False,False,False,False,True,False,4.310933344565636,8.573797291748855,0.15801997363822948,0.28829401977096997,Beauty,Aarohi Kulkarni,35.0,Bhopal,2022-08-13,13,8,2022,False,True,False,2,146.225,Medium,1.0,60,73.51,0.0,0.0,0.0,218.94,0.0,0.0,0.0
T000915,U0076,P011,59.75,2025-10-13,13,10,2025,0,0,False,True,False,False,False,False,4.1067670822206574,7.729812416870153,-0.1738123970593804,0.22095527062738574,Electronics,Ira Sharma,38.0,Vadodara,2022-11-03,3,11,2022,False,False,True,7,83.45666666666666,High,2.0,19,0.0,240.39999999999998,60.89,59.75,86.16,0.0,53.54,0.0
T000916,U0054,P045,67.96,2024-11-08,8,11,2024,0,0,False,False,False,True,False,False,4.233526626355437,8.243785538209979,0.024177702026911323,0.2611334051091318,Grocery,Aarohi Roy,36.0,Indore,2022-07-07,7,7,2022,False,True,False,2,75.07,Low,0.0,317,0.0,0.0,82.18,0.0,67.96,0.0,0.0,0.0
T000917,U0061,P001,218.94,2023-07-02,2,7,2023,0,0,False,True,False,False,False,False,5.393354781882788,14.796621235944373,3.6651698043470513,1.0,Grocery,Aarohi Joshi,28.0,Chennai,2022-10-31,31,10,2022,False,True,False,7,118.92999999999999,High,2.0,126,0.0,78.55,163.11,0.0,218.94,91.79,0.0,42.26
T000918,U0029,P037,52.74,2025-10-08,8,10,2025,1,1,False,False,False,False,False,True,3.984157603187345,7.262231062146123,-0.34286362660809,0.18664970147792892,Clothing,Sara Roy,27.0,Jaipur,2024-09-21,21,9,2024,False,False,True,3,70.53,Low,0.0,24,0.0,0.0,52.74,0.0,0.0,0.0,0.0,88.32
T000919,U0039,P006,61.6,2023-06-03,3,6,2023,0,0,True,False,False,False,False,False,4.136765278106052,7.848566748139434,-0.1291983065222744,0.2300088088479984,Clothing,Meera Gupta,21.0,Ahmedabad,2022-05-12,12,5,2022,False,False,True,6,61.31,Medium,1.0,44,0.0,24.26,97.15,0.0,0.0,0.0,49.9,135.24
T000920,U0186,P047,102.55,2024-06-08,8,6,2024,0,0,False,True,False,False,False,False,4.640054587841593,10.12669738858627,0.8583406164477196,0.43041010081237147,Electronics,Saanvi Mukherjee,37.0,Patna,2023-09-28,28,9,2023,True,False,False,3,90.67,Medium,1.0,33,0.0,0.0,0.0,102.55,140.86,0.0,0.0,28.6
T000921,U0165,P015,105.99,2024-08-29,29,8,2024,0,0,False,False,False,True,False,False,4.672735372150515,10.295144486601439,0.9412987091221221,0.44724478809826756,Books,Aarohi Ghosh,39.0,Bhopal,2023-10-24,24,10,2023,False,False,True,3,126.62,Medium,1.0,84,0.0,105.99,0.0,0.0,0.0,65.65,81.6,0.0
T000922,U0068,P030,111.3,2023-07-24,24,7,2023,0,0,False,True,False,False,False,False,4.721173861744398,10.549881515922348,1.0693532068259235,0.47323088969364785,Home,Sara Gupta,40.0,Patna,2023-08-02,2,8,2023,True,False,False,4,106.16333333333334,Medium,1.0,122,0.0,0.0,0.0,0.0,0.0,111.3,0.0,207.19
T000923,U0045,P003,80.1,2025-01-07,7,1,2025,0,0,False,False,False,False,True,False,4.395682961121367,8.949860334105779,0.31694259884878506,0.32054419105412546,Beauty,Sai Chopra,20.0,Mumbai,2022-03-14,14,3,2022,False,True,False,8,136.31,High,2.0,205,120.96,218.42,94.7,0.0,63.37,0.0,0.0,184.1
T000924,U0174,P021,27.5,2023-08-26,26,8,2023,0,0,False,False,False,True,False,False,3.349904087274605,5.244044240850758,-0.9515445158819033,0.06313007732211022,Books,Ira Kulkarni,34.0,Hyderabad,2024-05-02,2,5,2024,True,False,False,7,50.82714285714285,Medium,1.0,39,48.04,100.94,14.6,0.0,52.3,23.15,116.76,0.0
T000925,U0025,P049,145.48,2023-01-20,20,1,2023,0,0,False,True,False,False,False,False,4.986888900366255,12.061509026651681,1.8936286741547244,0.640501125575022,Home,Saanvi Bose,27.0,Kolkata,2022-05-22,22,5,2022,True,False,False,6,93.3625,Medium,1.0,30,0.0,0.0,99.75,0.0,0.0,187.25,0.0,86.45
T000926,U0036,P043,27.45,2023-12-16,16,12,2023,1,1,False,False,False,False,False,True,3.34814816057234,5.239274758971894,-0.9527503021126358,0.06288538709993148,Home,Ira Sharma,22.0,Lucknow,2023-05-16,16,5,2023,False,False,True,5,48.7025,Low,0.0,65,0.0,16.07,0.0,0.0,89.86,27.45,24.5,36.93
T000927,U0085,P023,65.47,2024-07-03,3,7,2024,0,0,False,False,False,True,False,False,4.19675071805349,8.09135340965898,-0.03587045226357172,0.2489478320446315,Books,Arjun Kapoor,25.0,Kanpur,2023-08-20,20,8,2023,False,True,False,6,78.62,High,2.0,114,33.94,229.31,55.21,28.28,0.0,46.36,0.0,0.0
T000928,U0188,P006,34.72,2024-12-02,2,12,2024,0,0,False,False,False,False,True,False,3.575710756008298,5.892367945062494,-0.7774289841641168,0.09846334540471761,Clothing,Muhammad Das,31.0,Bengaluru,2022-06-10,10,6,2022,True,False,False,8,81.32333333333334,High,2.0,242,0.0,49.1,222.48,0.0,0.0,142.34,74.02,0.0
T000929,U0047,P008,52.54,2025-03-30,30,3,2025,0,0,False,False,False,True,False,False,3.9804290380922063,7.248448109768049,-0.3476867715310204,0.18567094058921402,Books,Anaya Gupta,28.0,Kolkata,2022-10-13,13,10,2022,False,False,True,4,54.31666666666666,Low,0.0,28,0.0,52.54,0.0,0.0,86.52000000000001,23.89,0.0,0.0
T000930,U0117,P018,66.5,2025-09-06,6,9,2025,0,0,False,False,False,True,False,False,4.212127597878484,8.154753215150045,-0.011031255910480259,0.25398845062151315,Electronics,Aadhya Joshi,31.0,Kolkata,2022-06-01,1,6,2022,True,False,False,13,143.5614285714286,High,2.0,56,0.0,165.31,458.83,102.63,127.18,43.33,20.75,86.9
T000931,U0108,P042,66.21,2023-08-20,20,8,2023,0,0,False,False,True,False,False,False,4.2078220459818745,8.136952746575341,-0.018024816048729454,0.25256924733287656,Home,Saanvi Singh,33.0,Vadodara,2024-05-03,3,5,2024,True,False,False,6,75.902,Medium,1.0,99,108.77,48.7,0.0,57.17,52.21,112.66,0.0,0.0
T000932,U0034,P045,70.33,2023-05-01,1,5,2023,1,1,False,False,False,False,False,True,4.267316996289947,8.386298349093002,0.08133196936363637,0.2727317216404032,Grocery,Vihaan Singh,23.0,Visakhapatnam,2023-09-16,16,9,2023,False,False,True,9,136.374,High,2.0,5,103.98,84.49,51.52,39.12,247.26999999999998,46.11,109.38,0.0
T000933,U0041,P007,143.77,2025-09-15,15,9,2025,0,0,False,False,False,True,False,False,4.975146276165952,11.990412836929345,1.8523907850636703,0.6321327199765099,Books,Sara Mukherjee,37.0,Vadodara,2024-02-13,13,2,2024,False,True,False,5,96.9475,High,2.0,44,0.0,224.42000000000002,56.21,43.92,0.0,63.24,0.0,0.0
T000934,U0146,P044,71.67,2024-01-07,7,1,2024,0,0,False,False,False,True,False,False,4.2859286446285445,8.465813605318747,0.11364704034726997,0.279289419594793,Beauty,Meera Patel,38.0,Chennai,2023-04-22,22,4,2023,False,False,True,4,69.02333333333333,Low,0.0,356,71.67,0.0,53.13,45.34,0.0,36.93,0.0,0.0
T000935,U0157,P025,47.16,2023-03-01,1,3,2023,0,0,False,False,False,False,True,False,3.8745288010005656,6.867313885355758,-0.47742936995784757,0.15934227268278356,Electronics,Aarohi Joshi,46.0,Indore,2024-04-25,25,4,2024,True,False,False,5,56.39,Low,0.0,134,79.79,25.98,0.0,47.16,42.64,29.99,0.0,0.0
T000936,U0176,P047,97.36,2025-09-16,16,9,2025,0,0,False,False,True,False,False,False,4.588634217347992,9.867117106835208,0.7331800056976765,0.40501125575022023,Electronics,Kabir Sharma,38.0,Vadodara,2022-05-10,10,5,2022,False,False,True,5,94.39999999999999,Medium,1.0,46,0.0,60.82,0.0,97.36,0.0,97.13,27.89,0.0
T000937,U0125,P008,111.46,2025-06-21,21,6,2025,0,0,False,False,False,True,False,False,4.722597602864056,10.557461816175325,1.0732117227642677,0.47401389840461966,Books,Ira Joshi,36.0,Kolkata,2022-10-09,9,10,2022,False,False,True,2,95.11,Low,0.0,133,0.0,111.46,78.76,0.0,0.0,0.0,0.0,0.0
T000938,U0012,P005,26.14,2024-10-05,5,10,2024,0,0,False,False,False,False,True,False,3.301008654406723,5.112729212465687,-0.9843419013578298,0.05647450327884897,Books,Aarohi Singh,28.0,Ghaziabad,2024-06-25,25,6,2024,False,False,True,8,122.76199999999999,High,2.0,27,49.85,185.72,0.0,215.85,54.06,23.59,0.0,84.74
T000939,U0004,P046,78.14,2024-04-03,3,4,2024,1,1,False,False,False,False,False,True,4.371218435957278,8.839683252243827,0.26967577860406755,0.3109523343447196,Toys,Aarav Gupta,44.0,Kolkata,2023-06-02,2,6,2023,False,True,False,3,100.21333333333332,Medium,1.0,577,222.5,0.0,0.0,0.0,0.0,0.0,0.0,78.14
T000940,U0172,P022,83.15,2023-07-15,15,7,2023,0,0,True,False,False,False,False,False,4.432600920636815,9.118662182579197,0.39049555892347354,0.33547029460702754,Electronics,Vihaan Kapoor,25.0,Pune,2022-07-16,16,7,2022,False,False,True,5,63.964,Medium,1.0,291,0.0,112.9,0.0,83.15,0.0,47.82,0.0,75.95
T000941,U0111,P043,45.67,2024-05-24,24,5,2024,1,1,False,False,False,False,False,True,3.8431015599617244,6.757958271549182,-0.5133617996336787,0.15205050406185772,Home,Myra Roy,18.0,Chennai,2023-06-08,8,6,2023,False,False,True,3,43.57,Low,0.0,188,0.0,0.0,85.03999999999999,0.0,0.0,45.67,0.0,0.0
T000942,U0124,P023,124.64,2025-02-27,27,2,2025,1,1,False,False,False,False,False,True,4.833420674670446,11.16422858956229,1.3910569731853797,0.5385142409709308,Books,Ishaan Ghosh,20.0,Jaipur,2024-02-24,24,2,2024,False,False,True,3,97.11000000000001,Low,0.0,204,0.0,194.22000000000003,0.0,0.0,0.0,0.0,0.0,0.0
T000943,U0039,P036,49.9,2023-04-22,22,4,2023,0,0,True,False,False,False,False,False,3.929862923556477,7.063993204979744,-0.41135228451370137,0.17275129685817753,Sports,Meera Gupta,21.0,Ahmedabad,2022-05-12,12,5,2022,False,False,True,6,61.31,Medium,1.0,44,0.0,24.26,97.15,0.0,0.0,0.0,49.9,135.24
T000944,U0003,P042,58.87,2025-11-01,1,11,2025,0,0,False,False,True,False,False,False,4.092175544937261,7.6726788020873125,-0.19503423472027412,0.21664872271704022,Home,Aarohi Gupta,37.0,Indore,2022-02-02,2,2,2022,False,False,True,4,40.5975,Low,0.0,0,44.45,34.7,0.0,0.0,24.37,58.87,0.0,0.0
T000945,U0121,P032,49.21,2023-06-03,3,6,2023,0,0,False,False,True,False,False,False,3.916214210046614,7.014983962918233,-0.4279921344978111,0.16937457179211118,Books,Ira Kapoor,38.0,Lucknow,2024-08-30,30,8,2024,False,False,True,7,76.548,Medium,1.0,75,62.35,79.14,0.0,0.0,30.6,111.39,0.0,99.26
T000946,U0193,P032,55.11,2024-05-08,8,5,2024,0,0,False,False,False,False,True,False,4.0273140497628805,7.423610981186986,-0.2857093592713651,0.19824801800920033,Books,Ishaan Chopra,33.0,Chennai,2023-03-12,12,3,2023,False,False,True,5,88.7475,Medium,1.0,249,0.0,136.95999999999998,0.0,91.61,126.42,0.0,0.0,0.0
T000947,U0085,P018,28.28,2024-04-01,1,4,2024,0,0,False,True,False,False,False,False,3.3769046890931107,5.317894320123332,-0.9327342506824748,0.06694724478809828,Electronics,Arjun Kapoor,25.0,Kanpur,2023-08-20,20,8,2023,False,True,False,6,78.62,High,2.0,114,33.94,229.31,55.21,28.28,0.0,46.36,0.0,0.0
T000948,U0141,P042,23.01,2025-04-05,5,4,2025,0,0,False,False,False,True,False,False,3.178470410233162,4.796873982084583,-1.05982411940169,0.04115689537046101,Home,Anaya Nair,33.0,Jaipur,2024-02-10,10,2,2024,True,False,False,9,82.38166666666667,High,2.0,47,78.86,14.6,186.62,168.29999999999998,22.9,23.01,0.0,0.0
T000949,U0061,P006,142.12,2025-06-28,28,6,2025,0,0,False,False,False,True,False,False,4.963683439200464,11.921409312660982,1.8125998394494944,0.624057942644612,Clothing,Aarohi Joshi,28.0,Chennai,2022-10-31,31,10,2022,False,True,False,7,118.92999999999999,High,2.0,126,0.0,78.55,163.11,0.0,218.94,91.79,0.0,42.26
T000950,U0147,P029,32.85,2025-10-17,17,10,2025,0,0,False,True,False,False,False,False,3.521938999358284,5.73149195236284,-0.8225253891935157,0.08931193109523343,Clothing,Ishaan Mehta,22.0,Ghaziabad,2023-09-14,14,9,2023,False,True,False,12,75.10333333333334,High,2.0,7,40.02,257.28,32.85,103.53999999999999,77.19,141.2,0.0,23.85
T000951,U0115,P021,30.12,2025-10-15,15,10,2025,0,0,False,True,False,False,False,False,3.4378506993101907,5.488169093604897,-0.8883613173915152,0.07595184496427522,Books,Aarav Verma,30.0,Bhopal,2023-09-18,18,9,2023,False,True,False,6,44.77333333333333,Medium,1.0,17,0.0,30.12,0.0,0.0,118.68,80.47,39.37,0.0
T000952,U0191,P042,15.0,2023-07-30,30,7,2023,0,0,False,True,False,False,False,False,2.772588722239781,3.872983346207417,-1.2529910735650518,0.001957521777429777,Home,Kabir Verma,28.0,Surat,2023-12-25,25,12,2023,False,True,False,3,88.1,Low,0.0,239,0.0,95.05,0.0,0.0,0.0,81.15,0.0,0.0
T000953,U0104,P027,37.21,2023-01-01,1,1,2023,0,0,False,True,False,False,False,False,3.6430972614588084,6.1,-0.7173808298736336,0.11064891846921797,Toys,Anaya Kulkarni,25.0,Hyderabad,2024-01-08,8,1,2024,True,False,False,4,79.22,Medium,1.0,61,0.0,0.0,0.0,83.75,94.61,101.31,0.0,37.21
T000954,U0024,P039,24.68,2024-09-15,15,9,2024,0,0,True,False,False,False,False,False,3.2457124788217606,4.967896939349688,-1.0195508592952216,0.049329548791230304,Grocery,Aarohi Kapoor,20.0,Patna,2023-03-15,15,3,2023,True,False,False,11,96.98142857142857,High,2.0,90,112.61,313.02,89.07000000000001,62.27,55.78,46.12,0.0,0.0
T000955,U0131,P036,146.23,2025-07-23,23,7,2025,0,0,False,False,True,False,False,False,4.991995989877317,12.09255969594527,1.9117154676157133,0.6441714789077029,Sports,Muhammad Mukherjee,19.0,Patna,2024-08-26,26,8,2024,True,False,False,5,73.65,Medium,1.0,101,61.67,0.0,37.83,0.0,0.0,57.89,146.23,64.63
T000956,U0088,P024,100.07,2024-04-01,1,4,2024,0,0,False,True,False,False,False,False,4.615813346086571,10.003499387714282,0.798533619403383,0.4182734657923069,Home,Sai Patel,34.0,Vadodara,2024-06-24,24,6,2024,True,False,False,3,104.09666666666665,Medium,1.0,2,0.0,0.0,0.0,43.93,0.0,100.07,0.0,168.29
T000957,U0117,P022,36.13,2025-08-26,26,8,2025,0,0,True,False,False,False,False,False,3.6144252681889886,6.010823570859488,-0.7434258124574575,0.10536360967015758,Electronics,Aadhya Joshi,31.0,Kolkata,2022-06-01,1,6,2022,True,False,False,13,143.5614285714286,High,2.0,56,0.0,165.31,458.83,102.63,127.18,43.33,20.75,86.9
T000958,U0184,P043,210.92,2025-07-15,15,7,2025,0,0,False,False,False,False,True,False,5.356208844963814,14.523085071705667,3.4717616929375423,0.9607516883625331,Home,Kiara Kulkarni,35.0,Ghaziabad,2022-08-20,20,8,2022,False,False,True,6,143.685,High,2.0,109,0.0,0.0,23.72,0.0,0.0,228.73,322.28999999999996,0.0
T000959,U0030,P007,98.4,2024-03-30,30,3,2024,1,1,False,False,False,False,False,True,4.599152113662528,9.919677414109795,0.7582603592969146,0.41010081237153767,Books,Aarohi Sharma,29.0,Hyderabad,2023-11-30,30,11,2023,False,False,True,9,118.80199999999999,High,2.0,33,168.95,176.11,0.0,102.74,0.0,146.21,0.0,0.0
T000960,U0001,P022,44.93,2024-08-20,20,8,2024,0,0,False,False,False,False,True,False,3.8271184983377022,6.702984409947557,-0.5312074358485211,0.1484290887736126,Electronics,Vihaan Sharma,35.0,Jaipur,2022-09-08,8,9,2022,False,False,True,3,77.47333333333334,Low,0.0,438,42.43,0.0,0.0,44.93,145.06,0.0,0.0,0.0
T000961,U0141,P034,14.6,2023-08-06,6,8,2023,0,0,False,False,False,False,True,False,2.747270914255491,3.82099463490856,-1.2626373634109125,0.0,Books,Anaya Nair,33.0,Jaipur,2024-02-10,10,2,2024,True,False,False,9,82.38166666666667,High,2.0,47,78.86,14.6,186.62,168.29999999999998,22.9,23.01,0.0,0.0
T000962,U0012,P011,215.85,2023-10-15,15,10,2023,0,0,False,False,False,True,False,False,5.379205870281376,14.691834466805021,3.5906522152877764,0.984878144269355,Electronics,Aarohi Singh,28.0,Ghaziabad,2024-06-25,25,6,2024,False,False,True,8,122.76199999999999,High,2.0,27,49.85,185.72,0.0,215.85,54.06,23.59,0.0,84.74
T000963,U0184,P048,23.72,2025-04-18,18,4,2025,1,1,False,False,False,False,False,True,3.20761263258949,4.870318264754368,-1.0427019549252874,0.04463149652539884,Clothing,Kiara Kulkarni,35.0,Ghaziabad,2022-08-20,20,8,2022,False,False,True,6,143.685,High,2.0,109,0.0,0.0,23.72,0.0,0.0,228.73,322.28999999999996,0.0
T000964,U0028,P017,20.34,2024-02-06,6,2,2024,0,0,True,False,False,False,False,False,3.060583245873607,4.509988913511872,-1.1242131041228105,0.028090437506117255,Beauty,Kiara Kulkarni,35.0,Nagpur,2023-01-26,26,1,2023,False,True,False,9,101.28,High,2.0,70,101.57000000000001,174.23000000000002,252.42000000000002,0.0,0.0,125.28,0.0,55.46
T000965,U0049,P008,100.84,2024-03-17,17,3,2024,0,0,False,False,False,True,False,False,4.623402954249151,10.041912168506554,0.8171027273566651,0.42204169521385926,Books,Saanvi Chopra,34.0,Kolkata,2024-03-14,14,3,2024,True,False,False,5,130.0,High,2.0,15,0.0,100.84,0.0,142.01,41.13,30.37,75.65,0.0
T000966,U0118,P013,218.94,2024-11-23,23,11,2024,1,1,False,False,False,False,False,True,5.393354781882788,14.796621235944373,3.6651698043470513,1.0,Beauty,Aarav Patel,22.0,Kolkata,2022-06-30,30,6,2022,True,False,False,4,123.435,High,2.0,314,218.94,122.39,0.0,46.85,0.0,105.56,0.0,0.0
T000967,U0028,P049,125.28,2023-04-06,6,4,2023,0,0,False,False,False,True,False,False,4.838501663689791,11.192854863706579,1.4064910369387569,0.5416462758148185,Home,Kiara Kulkarni,35.0,Nagpur,2023-01-26,26,1,2023,False,True,False,9,101.28,High,2.0,70,101.57000000000001,174.23000000000002,252.42000000000002,0.0,0.0,125.28,0.0,55.46
T000968,U0163,P044,76.58,2023-09-10,10,9,2023,0,0,True,False,False,False,False,False,4.351309662011821,8.750999942863672,0.23205524820521056,0.30331799941274346,Beauty,Sara Khan,41.0,Mumbai,2023-06-14,14,6,2023,False,False,True,7,153.566,High,2.0,282,76.58,62.47,58.96,0.0,0.0,297.73,0.0,272.09000000000003
T000969,U0198,P029,78.01,2025-10-29,29,10,2025,0,0,False,False,False,True,False,False,4.369574426734642,8.832326986700616,0.2665407344041629,0.3103161397670549,Clothing,Kabir Bose,33.0,Visakhapatnam,2023-07-07,7,7,2023,True,False,False,3,80.575,Low,0.0,3,31.38,0.0,78.01,0.0,0.0,51.76,0.0,0.0
T000970,U0035,P032,91.11,2023-04-10,10,4,2023,0,0,False,True,False,False,False,False,4.522983515000144,9.54515583948214,0.5824567268561023,0.37442497797788,Books,Muhammad Reddy,38.0,Pune,2023-07-07,7,7,2023,True,False,False,5,64.02250000000001,Medium,1.0,98,24.96,122.17,66.89,0.0,0.0,42.07,0.0,0.0
T000971,U0142,P028,86.09,2025-09-16,16,9,2025,0,0,True,False,False,False,False,False,4.466942066704648,9.278469701410897,0.46139578929055003,0.34985807967113636,Home,Kiara Khan,42.0,Bhopal,2022-01-20,20,1,2022,False,True,False,7,98.89250000000001,High,2.0,46,0.0,58.52,53.38,82.19,0.0,125.42,0.0,76.06
T000972,U0131,P050,64.63,2023-12-22,22,12,2023,0,0,False,False,True,False,False,False,4.184032908485631,8.039278574598594,-0.05612766093987937,0.2448370363120289,Toys,Muhammad Mukherjee,19.0,Patna,2024-08-26,26,8,2024,True,False,False,5,73.65,Medium,1.0,101,61.67,0.0,37.83,0.0,0.0,57.89,146.23,64.63
T000973,U0188,P009,58.12,2025-03-04,4,3,2025,0,0,False,True,False,False,False,False,4.079569276639947,7.623647421018367,-0.21312102818126302,0.21297836938435938,Clothing,Muhammad Das,31.0,Bengaluru,2022-06-10,10,6,2022,True,False,False,8,81.32333333333334,High,2.0,242,0.0,49.1,222.48,0.0,0.0,142.34,74.02,0.0
T000974,U0169,P039,52.59,2024-10-21,21,10,2024,0,0,True,False,False,False,False,False,3.981362483506759,7.251896303726357,-0.3464809853002877,0.18591563081139278,Grocery,Diya Mukherjee,30.0,Vadodara,2022-12-05,5,12,2022,False,False,True,4,71.0775,Medium,1.0,169,0.0,23.46,0.0,0.0,52.59,0.0,208.26,0.0
T000975,U0130,P025,34.73,2024-05-23,23,5,2024,0,0,False,False,False,True,False,False,3.5759906720353185,5.8932164392630275,-0.7771878269179703,0.09851228344915335,Electronics,Anaya Kapoor,27.0,Indore,2022-03-05,5,3,2022,True,False,False,5,44.57,Low,0.0,9,0.0,33.62,0.0,91.47999999999999,0.0,53.18000000000001,0.0,0.0
T000976,U0071,P026,46.14,2024-08-25,25,8,2024,0,0,False,False,False,False,True,False,3.853121897507985,6.7926430790966785,-0.5020274090647924,0.1543505921503377,Beauty,Kabir Roy,34.0,Bengaluru,2022-01-10,10,1,2022,True,False,False,9,82.455,High,2.0,315,156.49,36.11,0.0,52.49,29.53,299.53,85.49,0.0
T000977,U0116,P009,19.77,2025-04-25,25,4,2025,0,0,False,False,True,False,False,False,3.033509637888021,4.446346815083142,-1.1379590671531623,0.025300968973279825,Clothing,Aditya Roy,34.0,Patna,2022-07-19,19,7,2022,True,False,False,11,94.10666666666667,High,2.0,124,32.99,35.78,159.60999999999999,56.14,0.0,168.49,111.63,0.0
T000978,U0155,P045,51.47,2024-09-04,4,9,2024,1,1,False,False,False,False,False,True,3.9602415776986204,7.174259543674176,-0.37349059686869795,0.1804345698345894,Grocery,Diya Roy,34.0,Ahmedabad,2023-03-22,22,3,2023,False,False,True,5,53.04,Medium,1.0,223,0.0,0.0,0.0,0.0,51.47,78.89,39.17,95.67
T000979,U0180,P036,30.17,2024-03-21,21,3,2024,0,0,False,False,False,False,True,False,3.4394560937792455,5.492722457943784,-0.8871555311607827,0.07619653518645396,Sports,Reyansh Verma,53.0,Bhopal,2022-04-27,27,4,2022,True,False,False,7,122.6075,High,2.0,19,0.0,0.0,190.78,0.0,221.44,48.04,30.17,0.0
T000980,U0052,P014,28.16,2024-08-18,18,8,2024,0,0,True,False,False,False,False,False,3.3727979071404572,5.3065996645686395,-0.9356281376362331,0.06635998825486934,Beauty,Vivaan Patel,28.0,Nagpur,2024-01-16,16,1,2024,False,True,False,12,84.46777777777778,High,2.0,24,57.08,122.91999999999999,157.13,134.35,97.29,191.44,0.0,0.0
T000981,U0176,P023,60.82,2023-09-29,29,9,2023,1,1,False,False,False,False,False,True,4.124226936703971,7.798717843338096,-0.1480085717217029,0.22619164138201037,Books,Kabir Sharma,38.0,Vadodara,2022-05-10,10,5,2022,False,False,True,5,94.39999999999999,Medium,1.0,46,0.0,60.82,0.0,97.36,0.0,97.13,27.89,0.0
T000982,U0182,P042,125.86,2025-10-28,28,10,2025,0,0,False,False,True,False,False,False,4.843084116205751,11.218734331465381,1.420478157215255,0.5444846823920917,Home,Vivaan Reddy,25.0,Patna,2024-08-29,29,8,2024,False,True,False,11,109.83833333333332,High,2.0,4,0.0,104.02,236.67,0.0,55.53,262.81,0.0,0.0
T000983,U0139,P045,94.73,2024-10-22,22,10,2024,1,1,False,False,False,False,False,True,4.561531728958262,9.732933781753578,0.6697556499611422,0.3921405500636195,Grocery,Kiara Reddy,38.0,Pune,2022-02-21,21,2,2022,True,False,False,4,85.75750000000001,Medium,1.0,132,73.92,110.12,0.0,0.0,94.73,64.26,0.0,0.0
T000984,U0182,P008,21.28,2025-09-10,10,9,2025,0,0,False,False,False,False,True,False,3.1036894150590832,4.613025037868319,-1.101544322985038,0.03269061368307723,Books,Vivaan Reddy,25.0,Patna,2024-08-29,29,8,2024,False,True,False,11,109.83833333333332,High,2.0,4,0.0,104.02,236.67,0.0,55.53,262.81,0.0,0.0
T000985,U0150,P037,30.15,2025-05-04,4,5,2025,1,1,False,False,False,False,False,True,3.4388142452334622,5.490901565316938,-0.8876378456530759,0.07609865909758244,Clothing,Muhammad Gupta,34.0,Kolkata,2022-04-15,15,4,2022,False,False,True,9,76.415,High,2.0,91,25.34,139.48000000000002,30.15,58.45,0.0,84.41,101.44,19.22
T000986,U0173,P048,96.01,2024-08-08,8,8,2024,0,0,True,False,False,False,False,False,4.574814065973192,9.798469268207151,0.7006237774678966,0.39840461975139474,Clothing,Muhammad Joshi,31.0,Patna,2024-09-27,27,9,2024,True,False,False,6,105.595,High,2.0,128,0.0,0.0,180.04000000000002,0.0,0.0,0.0,0.0,242.34
T000987,U0109,P001,30.28,2023-08-07,7,8,2023,0,0,True,False,False,False,False,False,3.4429789156771102,5.502726596879042,-0.8845028014531711,0.07673485367524714,Grocery,Aarav Singh,34.0,Chennai,2023-03-17,17,3,2023,True,False,False,3,49.00666666666667,Low,0.0,95,0.0,0.0,0.0,37.51,30.28,0.0,79.23,0.0
T000988,U0007,P025,47.71,2023-04-19,19,4,2023,0,0,False,False,True,False,False,False,3.8858843478184513,6.90724257573165,-0.4641657214197889,0.16203386512674955,Electronics,Ishaan Sharma,44.0,Indore,2022-12-15,15,12,2022,False,True,False,5,85.938,High,2.0,13,0.0,0.0,47.02,47.71,141.4,37.04,0.0,156.52
T000989,U0172,P004,75.95,2024-06-30,30,6,2024,0,0,False,False,True,False,False,False,4.343155860284888,8.714929718592114,0.21686234169798,0.30023490261329155,Toys,Vihaan Kapoor,25.0,Pune,2022-07-16,16,7,2022,False,False,True,5,63.964,Medium,1.0,291,0.0,112.9,0.0,83.15,0.0,47.82,0.0,75.95
T000990,U0193,P011,30.54,2024-05-28,28,5,2024,0,0,False,False,False,False,True,False,3.451256581534892,5.52630075185924,-0.8782327130533616,0.07800724283057649,Electronics,Ishaan Chopra,33.0,Chennai,2023-03-12,12,3,2023,False,False,True,5,88.7475,Medium,1.0,249,0.0,136.95999999999998,0.0,91.61,126.42,0.0,0.0,0.0
T000991,U0038,P004,58.16,2024-08-27,27,8,2024,1,1,False,False,False,False,False,True,4.080245637842599,7.626270385975047,-0.21215639919667695,0.21317412156210236,Toys,Vivaan Ghosh,18.0,Bengaluru,2022-03-29,29,3,2022,False,False,True,4,95.24666666666667,Medium,1.0,192,33.85,69.62,124.11,0.0,0.0,0.0,0.0,58.16
T000992,U0053,P049,24.52,2023-03-08,8,3,2023,0,0,True,False,False,False,False,False,3.239462458476589,4.951767361255979,-1.023409375233566,0.04854654008025838,Home,Anaya Patel,26.0,Chennai,2022-07-14,14,7,2022,False,True,False,5,65.935,Medium,1.0,176,0.0,114.33,0.0,0.0,29.02,24.52,0.0,95.87
T000993,U0092,P029,38.06,2024-04-04,4,4,2024,0,0,False,True,False,False,False,False,3.665098925448533,6.1692787260748725,-0.6968824639511795,0.11480865224625626,Clothing,Reyansh Patel,39.0,Delhi,2024-05-29,29,5,2024,True,False,False,2,45.8,Low,0.0,542,0.0,53.54,38.06,0.0,0.0,0.0,0.0,0.0
T000994,U0191,P042,66.15,2025-03-07,7,3,2025,0,0,True,False,False,False,False,False,4.206928922969246,8.133265027035575,-0.019471759525608277,0.2522756190662621,Home,Kabir Verma,28.0,Surat,2023-12-25,25,12,2023,False,True,False,3,88.1,Low,0.0,239,0.0,95.05,0.0,0.0,0.0,81.15,0.0,0.0
T000995,U0061,P033,20.99,2024-08-12,12,8,2024,1,1,False,False,False,False,False,True,3.09058780456667,4.581484475582123,-1.108537883123287,0.03127141039444063,Clothing,Aarohi Joshi,28.0,Chennai,2022-10-31,31,10,2022,False,True,False,7,118.92999999999999,High,2.0,126,0.0,78.55,163.11,0.0,218.94,91.79,0.0,42.26
T000996,U0178,P043,71.11,2025-02-20,20,2,2025,0,0,False,True,False,False,False,False,4.2781927309286685,8.432674546073743,0.10014223456306486,0.2765488891063913,Home,Arjun Joshi,43.0,Mumbai,2023-08-11,11,8,2023,False,True,False,1,71.11,Low,0.0,254,0.0,0.0,0.0,0.0,0.0,71.11,0.0,0.0
T000997,U0100,P027,53.96,2024-10-02,2,10,2024,1,1,False,False,False,False,False,True,4.006605647914094,7.345747068882783,-0.31344244257821474,0.19262014289908974,Toys,Anaya Mukherjee,30.0,Visakhapatnam,2022-04-29,29,4,2022,False,False,True,8,113.37,High,2.0,63,0.0,84.14,0.0,63.2,52.81,64.62,189.65,112.43
T000998,U0142,P004,76.06,2024-05-29,29,5,2024,0,0,False,True,False,False,False,False,4.344584339198011,8.721238444166058,0.2195150714055917,0.30077322110208476,Toys,Kiara Khan,42.0,Bhopal,2022-01-20,20,1,2022,False,True,False,7,98.89250000000001,High,2.0,46,0.0,58.52,53.38,82.19,0.0,125.42,0.0,76.06
T000999,U0052,P040,62.45,2024-04-06,6,4,2024,0,0,False,False,False,True,False,False,4.150252194160397,7.90253124005214,-0.10869994059982027,0.23416854262503672,Grocery,Vivaan Patel,28.0,Nagpur,2024-01-16,16,1,2024,False,True,False,12,84.46777777777778,High,2.0,24,57.08,122.91999999999999,157.13,134.35,97.29,191.44,0.0,0.0
T001000,U0163,P046,123.78,2025-01-23,23,1,2025,1,1,False,False,False,False,False,True,4.82655218668264,11.12564604865713,1.370317450016779,0.5343055691494568,Toys,Sara Khan,41.0,Mumbai,2023-06-14,14,6,2023,False,False,True,7,153.566,High,2.0,282,76.58,62.47,58.96,0.0,0.0,297.73,0.0,272.09000000000003
